binance,BTC/USDT,bitcoin,tether,BTC,USDT
binance,ETH/USDT,ethereum,tether,ETH,USDT
binance,LTC/USDT,litecoin,tether,LTC,USDT
binance,BNB/USDT,binance-coin,tether,BNB,USDT
binance,EOS/USDT,eos,tether,EOS,USDT
binance,VET/USDT,vechain,tether,VET,USDT
binance,MATIC/BTC,matic-network,bitcoin,MATIC,BTC
binance,ETH/BTC,ethereum,bitcoin,ETH,BTC
binance,BTC/USDC,bitcoin,usd-coin,BTC,USDC
binance,BNB/BTC,binance-coin,bitcoin,BNB,BTC
binance,XRP/USDT,xrp,tether,XRP,USDT
binance,BCH/USDT,bitcoin-cash,tether,BCH,USDT
binance,MATIC/USDT,matic-network,tether,MATIC,USDT
binance,VET/BTC,vechain,bitcoin,VET,BTC
binance,ENJ/BTC,enjin-coin,bitcoin,ENJ,BTC
binance,LINK/USDT,chainlink,tether,LINK,USDT
binance,TRX/USDT,tron,tether,TRX,USDT
binance,USDC/USDT,usd-coin,tether,USDC,USDT
binance,XRP/BTC,xrp,bitcoin,XRP,BTC
binance,LINK/BTC,chainlink,bitcoin,LINK,BTC
binance,FET/BTC,fetch,bitcoin,FET,BTC
binance,RVN/BTC,ravencoin,bitcoin,RVN,BTC
binance,LTC/BTC,litecoin,bitcoin,LTC,BTC
binance,FET/USDT,fetch,tether,FET,USDT
binance,BTC/BUSD,bitcoin,binance-usd,BTC,BUSD
binance,ADA/USDT,cardano,tether,ADA,USDT
binance,ONE/BTC,harmony,bitcoin,ONE,BTC
binance,BUSD/USDT,binance-usd,tether,BUSD,USDT
binance,XMR/BTC,monero,bitcoin,XMR,BTC
binance,EOS/BTC,eos,bitcoin,EOS,BTC
binance,ETC/USDT,ethereum-classic,tether,ETC,USDT
binance,IOST/USDT,iostoken,tether,IOST,USDT
binance,ENJ/USDT,enjin-coin,tether,ENJ,USDT
binance,ATOM/USDT,cosmos,tether,ATOM,USDT
binance,BCH/BTC,bitcoin-cash,bitcoin,BCH,BTC
binance,BTC/TUSD,bitcoin,trueusd,BTC,TUSD
binance,BTC/PAX,bitcoin,paxos-standard,BTC,PAX
binance,BAT/BTC,basic-attention-token,bitcoin,BAT,BTC
binance,DOCK/BTC,dock,bitcoin,DOCK,BTC
binance,ATOM/BTC,cosmos,bitcoin,ATOM,BTC
binance,TUSD/USDT,trueusd,tether,TUSD,USDT
binance,ADA/BTC,cardano,bitcoin,ADA,BTC
binance,IOST/BTC,iostoken,bitcoin,IOST,BTC
binance,TRX/BTC,tron,bitcoin,TRX,BTC
binance,ONT/USDT,ontology,tether,ONT,USDT
binance,PAX/USDT,paxos-standard,tether,PAX,USDT
binance,XTZ/BTC,tezos,bitcoin,XTZ,BTC
binance,BAT/USDT,basic-attention-token,tether,BAT,USDT
binance,XMR/USDT,monero,tether,XMR,USDT
binance,RVN/USDT,ravencoin,tether,RVN,USDT
binance,XLM/USDT,stellar,tether,XLM,USDT
binance,NEO/USDT,neo,tether,NEO,USDT
binance,BAND/BTC,band-protocol,bitcoin,BAND,BTC
binance,ONE/USDT,harmony,tether,ONE,USDT
binance,BTT/USDT,bittorrent,tether,BTT,USDT
binance,CHZ/BTC,chiliz,bitcoin,CHZ,BTC
binance,ETH/USDC,ethereum,usd-coin,ETH,USDC
binance,ZEC/USDT,zcash,tether,ZEC,USDT
binance,XTZ/USDT,tezos,tether,XTZ,USDT
binance,NEO/BTC,neo,bitcoin,NEO,BTC
binance,DATA/BTC,streamr-datacoin,bitcoin,DATA,BTC
binance,KAVA/BTC,kava,bitcoin,KAVA,BTC
binance,ALGO/USDT,algorand,tether,ALGO,USDT
binance,XVG/BTC,verge,bitcoin,XVG,BTC
binance,ZEC/BTC,zcash,bitcoin,ZEC,BTC
binance,QTUM/USDT,qtum,tether,QTUM,USDT
binance,KAVA/USDT,kava,tether,KAVA,USDT
binance,DASH/USDT,dash,tether,DASH,USDT
binance,LOOM/BTC,loom-network,bitcoin,LOOM,BTC
binance,CELR/BTC,celer-network,bitcoin,CELR,BTC
binance,KNC/BTC,kyber-network,bitcoin,KNC,BTC
binance,XLM/BTC,stellar,bitcoin,XLM,BTC
binance,ALGO/BTC,algorand,bitcoin,ALGO,BTC
binance,BNB/ETH,binance-coin,ethereum,BNB,ETH
binance,ERD/BTC,elrond,bitcoin,ERD,BTC
binance,ENJ/ETH,enjin-coin,ethereum,ENJ,ETH
binance,PERL/BTC,perlin,bitcoin,PERL,BTC
binance,ZIL/BTC,zilliqa,bitcoin,ZIL,BTC
binance,AGI/BTC,singularitynet,bitcoin,AGI,BTC
binance,DUSK/BTC,dusk-network,bitcoin,DUSK,BTC
binance,ETHOS/BTC,ethos,bitcoin,BQX,BTC
binance,DASH/BTC,dash,bitcoin,DASH,BTC
binance,ETC/BTC,ethereum-classic,bitcoin,ETC,BTC
binance,BAND/USDT,band-protocol,tether,BAND,USDT
binance,REN/BTC,ren,bitcoin,REN,BTC
binance,MIOTA/BTC,iota,bitcoin,IOTA,BTC
binance,VET/ETH,vechain,ethereum,VET,ETH
binance,KEY/BTC,selfkey,bitcoin,KEY,BTC
binance,ENG/BTC,enigma,bitcoin,ENG,BTC
binance,ARPA/BTC,arpa-chain,bitcoin,ARPA,BTC
binance,ONT/BTC,ontology,bitcoin,ONT,BTC
binance,REQ/BTC,request,bitcoin,REQ,BTC
binance,FTM/BTC,fantom,bitcoin,FTM,BTC
binance,WPR/BTC,wepower,bitcoin,WPR,BTC
binance,ERD/USDT,elrond,tether,ERD,USDT
binance,ZRX/BTC,0x,bitcoin,ZRX,BTC
binance,ETH/PAX,ethereum,paxos-standard,ETH,PAX
binance,MATIC/BNB,matic-network,binance-coin,MATIC,BNB
binance,QTUM/BTC,qtum,bitcoin,QTUM,BTC
binance,ZIL/USDT,zilliqa,tether,ZIL,USDT
binance,WIN/USDT,wink-tronbet,tether,WIN,USDT
binance,MIOTA/USDT,iota,tether,IOTA,USDT
binance,ETH/TUSD,ethereum,trueusd,ETH,TUSD
binance,BEAM/BTC,beam,bitcoin,BEAM,BTC
binance,YOYOW/BTC,yoyow,bitcoin,YOYO,BTC
binance,WTC/BTC,waltonchain,bitcoin,WTC,BTC
binance,WAVES/BTC,waves,bitcoin,WAVES,BTC
binance,EOS/ETH,eos,ethereum,EOS,ETH
binance,LTC/USDC,litecoin,usd-coin,LTC,USDC
binance,XRP/BNB,xrp,binance-coin,XRP,BNB
binance,FUN/BTC,funfair,bitcoin,FUN,BTC
binance,ICX/BTC,icon,bitcoin,ICX,BTC
binance,DOCK/USDT,dock,tether,DOCK,USDT
binance,BCH/USDC,bitcoin-cash,usd-coin,BCH,USDC
binance,RLC/BTC,rlc,bitcoin,RLC,BTC
binance,CHZ/USDT,chiliz,tether,CHZ,USDT
binance,KNC/ETH,kyber-network,ethereum,KNC,ETH
binance,XEM/BTC,nem,bitcoin,XEM,BTC
binance,VIB/BTC,viberate,bitcoin,VIB,BTC
binance,NKN/BTC,nkn,bitcoin,NKN,BTC
binance,NANO/BTC,nano,bitcoin,NANO,BTC
binance,TRX/ETH,tron,ethereum,TRX,ETH
binance,ARN/BTC,aeron,bitcoin,ARN,BTC
binance,LEND/BTC,aave,bitcoin,LEND,BTC
binance,PHX/BTC,red-pulse,bitcoin,PHB,BTC
binance,NEBL/BTC,neblio,bitcoin,NEBL,BTC
binance,CELR/USDT,celer-network,tether,CELR,USDT
binance,KMD/BTC,komodo,bitcoin,KMD,BTC
binance,LINK/ETH,chainlink,ethereum,LINK,ETH
binance,XRP/ETH,xrp,ethereum,XRP,ETH
binance,CTXC/BTC,cortex,bitcoin,CTXC,BTC
binance,VET/BNB,vechain,binance-coin,VET,BNB
binance,ZRX/USDT,0x,tether,ZRX,USDT
binance,XRP/USDC,xrp,usd-coin,XRP,USDC
binance,MDA/BTC,moeda-loyalty-points,bitcoin,MDA,BTC
binance,WAN/BTC,wanchain,bitcoin,WAN,BTC
binance,BCH/TUSD,bitcoin-cash,trueusd,BCH,TUSD
binance,THETA/BTC,theta,bitcoin,THETA,BTC
binance,DUSK/USDT,dusk-network,tether,DUSK,USDT
binance,DOGE/USDT,dogecoin,tether,DOGE,USDT
binance,HBAR/BTC,hedera-hashgraph,bitcoin,HBAR,BTC
binance,TOMO/BTC,tomochain,bitcoin,TOMO,BTC
binance,AMB/BTC,amber,bitcoin,AMB,BTC
binance,HOT/USDT,holo,tether,HOT,USDT
binance,COS/BTC,contentos,bitcoin,COS,BTC
binance,LTC/BNB,litecoin,binance-coin,LTC,BNB
binance,MTH/BTC,monetha,bitcoin,MTH,BTC
binance,WABI/BTC,tael,bitcoin,WABI,BTC
binance,EOS/USDC,eos,usd-coin,EOS,USDC
binance,LRC/BTC,loopring,bitcoin,LRC,BTC
binance,POWR/BTC,power-ledger,bitcoin,POWR,BTC
binance,TRX/BNB,tron,binance-coin,TRX,BNB
binance,EOS/BNB,eos,binance-coin,EOS,BNB
binance,BEAM/USDT,beam,tether,BEAM,USDT
binance,DOGE/BTC,dogecoin,bitcoin,DOGE,BTC
binance,PERL/USDT,perlin,tether,PERL,USDT
binance,BAT/ETH,basic-attention-token,ethereum,BAT,ETH
binance,SNM/BTC,sonm,bitcoin,SNM,BTC
binance,REP/BTC,augur,bitcoin,REP,BTC
binance,QKC/BTC,quarkchain,bitcoin,QKC,BTC
binance,AION/BTC,aion,bitcoin,AION,BTC
binance,ARPA/USDT,arpa-chain,tether,ARPA,USDT
binance,STX/BTC,blockstack,bitcoin,STX,BTC
binance,STRAT/BTC,stratis,bitcoin,STRAT,BTC
binance,WAVES/USDT,waves,tether,WAVES,USDT
binance,EVX/BTC,everex,bitcoin,EVX,BTC
binance,LTC/TUSD,litecoin,trueusd,LTC,TUSD
binance,INS/BTC,insolar,bitcoin,INS,BTC
binance,COCOS/USDT,cocos-bcx,tether,COCOS,USDT
binance,CMT/BTC,cybermiles,bitcoin,CMT,BTC
binance,LTC/ETH,litecoin,ethereum,LTC,ETH
binance,FTM/USDT,fantom,tether,FTM,USDT
binance,NXS/BTC,nexus,bitcoin,NXS,BTC
binance,MTL/BTC,metal,bitcoin,MTL,BTC
binance,FUEL/BTC,etherparty,bitcoin,FUEL,BTC
binance,STORJ/BTC,storj,bitcoin,STORJ,BTC
binance,TFUEL/BTC,theta-fuel,bitcoin,TFUEL,BTC
binance,TNT/BTC,tierion,bitcoin,TNT,BTC
binance,ONE/BNB,harmony,binance-coin,ONE,BNB
binance,KEY/USDT,selfkey,tether,KEY,USDT
binance,CVC/BTC,civic,bitcoin,CVC,BTC
binance,ICX/USDT,icon,tether,ICX,USDT
binance,ENJ/BNB,enjin-coin,binance-coin,ENJ,BNB
binance,ETH/BUSD,ethereum,binance-usd,ETH,BUSD
binance,USDC/PAX,usd-coin,paxos-standard,USDC,PAX
binance,DNT/BTC,district0x,bitcoin,DNT,BTC
binance,SKY/BTC,skycoin,bitcoin,SKY,BTC
binance,TRX/USDC,tron,usd-coin,TRX,USDC
binance,DCR/BTC,decred,bitcoin,DCR,BTC
binance,SNT/BTC,status,bitcoin,SNT,BTC
binance,FET/BNB,fetch,binance-coin,FET,BNB
binance,DLT/BTC,agrello-delta,bitcoin,DLT,BTC
binance,NEO/ETH,neo,ethereum,NEO,ETH
binance,HC/BTC,hypercash,bitcoin,HC,BTC
binance,BNB/USDC,binance-coin,usd-coin,BNB,USDC
binance,POLY/BTC,polymath-network,bitcoin,POLY,BTC
binance,CDT/BTC,blox,bitcoin,CDT,BTC
binance,STEEM/BTC,steem,bitcoin,STEEM,BTC
binance,RLC/USDT,rlc,tether,RLC,USDT
binance,HOT/ETH,holo,ethereum,HOT,ETH
binance,MCO/BTC,crypto-com,bitcoin,MCO,BTC
binance,REN/USDT,ren,tether,REN,USDT
binance,MITH/BTC,mithril,bitcoin,MITH,BTC
binance,CTXC/USDT,cortex,tether,CTXC,USDT
binance,HBAR/USDT,hedera-hashgraph,tether,HBAR,USDT
binance,XRP/TUSD,xrp,trueusd,XRP,TUSD
binance,RCN/BTC,ripio-credit-network,bitcoin,RCN,BTC
binance,TRX/XRP,tron,xrp,TRX,XRP
binance,STORM/BTC,storm,bitcoin,STORM,BTC
binance,RVN/BNB,ravencoin,binance-coin,RVN,BNB
binance,RVN/BNB,ravencoin,binance-coin,RVN,BNB
binance,AST/BTC,airswap,bitcoin,AST,BTC
binance,AE/BTC,aeternity,bitcoin,AE,BTC
binance,ADA/ETH,cardano,ethereum,ADA,ETH
binance,STX/USDT,blockstack,tether,STX,USDT
binance,POA/BTC,poa,bitcoin,POA,BTC
binance,BAT/BNB,basic-attention-token,binance-coin,BAT,BNB
binance,QSP/BTC,quantstamp,bitcoin,QSP,BTC
binance,KAVA/BNB,kava,binance-coin,KAVA,BNB
binance,NULS/BTC,nuls,bitcoin,NULS,BTC
binance,BNT/BTC,bancor,bitcoin,BNT,BTC
binance,CND/BTC,cindicator,bitcoin,CND,BTC
binance,XZC/BTC,zcoin,bitcoin,XZC,BTC
binance,ARK/BTC,ark,bitcoin,ARK,BTC
binance,OMG/BTC,omisego,bitcoin,OMG,BTC
binance,MFT/BTC,mainframe,bitcoin,MFT,BTC
binance,TRX/BUSD,tron,binance-usd,TRX,BUSD
binance,BTG/BTC,bitcoin-gold,bitcoin,BTG,BTC
binance,NKN/USDT,nkn,tether,NKN,USDT
binance,BNB/BUSD,binance-coin,binance-usd,BNB,BUSD
binance,BCPT/BTC,blockmason,bitcoin,BCPT,BTC
binance,ZEN/BTC,horizen,bitcoin,ZEN,BTC
binance,BTT/TRX,bittorrent,tron,BTT,TRX
binance,ZIL/ETH,zilliqa,ethereum,ZIL,ETH
binance,BTC/USDS,bitcoin,stableusd,BTC,USDS
binance,PPT/BTC,populous,bitcoin,PPT,BTC
binance,BRD/BTC,bread,bitcoin,BRD,BTC
binance,WIN/BNB,wink-tronbet,binance-coin,WIN,BNB
binance,DGD/BTC,digixdao,bitcoin,DGD,BTC
binance,NAV/BTC,nav-coin,bitcoin,NAV,BTC
binance,GVT/BTC,genesis-vision,bitcoin,GVT,BTC
binance,ATOM/BNB,cosmos,binance-coin,ATOM,BNB
binance,TRX/TUSD,tron,trueusd,TRX,TUSD
binance,OMG/USDT,omisego,tether,OMG,USDT
binance,NANO/USDT,nano,tether,NANO,USDT
binance,ZEC/ETH,zcash,ethereum,ZEC,ETH
binance,LSK/BTC,lisk,bitcoin,LSK,BTC
binance,BTT/BNB,bittorrent,binance-coin,BTT,BNB
binance,TOMO/USDT,tomochain,tether,TOMO,USDT
binance,ALGO/TUSD,algorand,trueusd,ALGO,TUSD
binance,CHZ/BNB,chiliz,binance-coin,CHZ,BNB
binance,GXC/BTC,gxchain,bitcoin,GXS,BTC
binance,FUN/USDT,funfair,tether,FUN,USDT
binance,BLZ/BTC,bluzelle,bitcoin,BLZ,BTC
binance,LINK/TUSD,chainlink,trueusd,LINK,TUSD
binance,GRS/BTC,groestlcoin,bitcoin,GRS,BTC
binance,MANA/BTC,decentraland,bitcoin,MANA,BTC
binance,PIVX/BTC,pivx,bitcoin,PIVX,BTC
binance,GAS/BTC,gas,bitcoin,GAS,BTC
binance,ELF/BTC,aelf,bitcoin,ELF,BTC
binance,USDC/TUSD,usd-coin,trueusd,USDC,TUSD
binance,ALGO/BNB,algorand,binance-coin,ALGO,BNB
binance,GO/BTC,gochain,bitcoin,GO,BTC
binance,XMR/ETH,monero,ethereum,XMR,ETH
binance,FUN/ETH,funfair,ethereum,FUN,ETH
binance,IOTX/BTC,iotex,bitcoin,IOTX,BTC
binance,LINK/USDC,chainlink,usd-coin,LINK,USDC
binance,ANKR/USDT,ankr,tether,ANKR,USDT
binance,COS/USDT,contentos,tether,COS,USDT
binance,GNT/BTC,golem-network-tokens,bitcoin,GNT,BTC
binance,DENT/ETH,dent,ethereum,DENT,ETH
binance,HOT/BTC,holo,bitcoin,HOT,BTC
binance,OST/BTC,ost,bitcoin,OST,BTC
binance,XLM/ETH,stellar,ethereum,XLM,ETH
binance,ADX/BTC,adx-net,bitcoin,ADX,BTC
binance,LOOM/ETH,loom-network,ethereum,LOOM,ETH
binance,VIBE/BTC,vibe,bitcoin,VIBE,BTC
binance,NPXS/ETH,pundi-x,ethereum,NPXS,ETH
binance,ANKR/BTC,ankr,bitcoin,ANKR,BTC
binance,DATA/ETH,streamr-datacoin,ethereum,DATA,ETH
binance,OAX/BTC,oax,bitcoin,OAX,BTC
binance,IOST/ETH,iostoken,ethereum,IOST,ETH
binance,ZEC/USDC,zcash,usd-coin,ZEC,USDC
binance,LTC/PAX,litecoin,paxos-standard,LTC,PAX
binance,DOCK/ETH,dock,ethereum,DOCK,ETH
binance,BTS/BTC,bitshares,bitcoin,BTS,BTC
binance,ADA/BNB,cardano,binance-coin,ADA,BNB
binance,BAND/BNB,band-protocol,binance-coin,BAND,BNB
binance,ENG/ETH,enigma,ethereum,ENG,ETH
binance,COCOS/BTC,cocos-bcx,bitcoin,COCOS,BTC
binance,ONG/BTC,ontology-gas,bitcoin,ONG,BTC
binance,WAN/USDT,wanchain,tether,WAN,USDT
binance,XMR/BNB,monero,binance-coin,XMR,BNB
binance,STORM/USDT,storm,tether,STORM,USDT
binance,NAS/BTC,nebulas-token,bitcoin,NAS,BTC
binance,WIN/TRX,wink-tronbet,tron,WIN,TRX
binance,SNGLS/BTC,singulardtv,bitcoin,SNGLS,BTC
binance,XVG/ETH,verge,ethereum,XVG,ETH
binance,ONE/USDC,harmony,usd-coin,ONE,USDC
binance,XRP/BUSD,xrp,binance-usd,XRP,BUSD
binance,BTC/NGN,bitcoin,ngn,BTC,NGN
binance,PAX/TUSD,paxos-standard,trueusd,PAX,TUSD
binance,TRX/PAX,tron,paxos-standard,TRX,PAX
binance,DASH/ETH,dash,ethereum,DASH,ETH
binance,BCD/BTC,bitcoin-diamond,bitcoin,BCD,BTC
binance,ERD/BNB,elrond,binance-coin,ERD,BNB
binance,AGI/ETH,singularitynet,ethereum,AGI,ETH
binance,POE/BTC,poet,bitcoin,POE,BTC
binance,LOOM/BNB,loom-network,binance-coin,LOOM,BNB
binance,NEO/BNB,neo,binance-coin,NEO,BNB
binance,THETA/USDT,theta,tether,THETA,USDT
binance,MFT/USDT,mainframe,tether,MFT,USDT
binance,ZRX/ETH,0x,ethereum,ZRX,ETH
binance,MIOTA/ETH,iota,ethereum,IOTA,ETH
binance,LEND/ETH,aave,ethereum,LEND,ETH
binance,BNT/ETH,bancor,ethereum,BNT,ETH
binance,LUN/BTC,lunyr,bitcoin,LUN,BTC
binance,QLC/BTC,qlink,bitcoin,QLC,BTC
binance,EVX/ETH,everex,ethereum,EVX,ETH
binance,PERL/BNB,perlin,binance-coin,PERL,BNB
binance,USDS/USDT,stableusd,tether,USDS,USDT
binance,ARDR/BTC,ardor,bitcoin,ARDR,BTC
binance,BCH/PAX,bitcoin-cash,paxos-standard,BCH,PAX
binance,REQ/ETH,request,ethereum,REQ,ETH
binance,XLM/BNB,stellar,binance-coin,XLM,BNB
binance,NULS/USDT,nuls,tether,NULS,USDT
binance,KEY/ETH,selfkey,ethereum,KEY,ETH
binance,BTT/TUSD,bittorrent,trueusd,BTT,TUSD
binance,CVC/ETH,civic,ethereum,CVC,ETH
binance,ETC/BNB,ethereum-classic,binance-coin,ETC,BNB
binance,ONT/BNB,ontology,binance-coin,ONT,BNB
binance,DASH/BNB,dash,binance-coin,DASH,BNB
binance,DENT/USDT,dent,tether,DENT,USDT
binance,BNB/TUSD,binance-coin,trueusd,BNB,TUSD
binance,BCH/BUSD,bitcoin-cash,binance-usd,BCH,BUSD
binance,APPC/BTC,appcoins,bitcoin,APPC,BTC
binance,EOS/BUSD,eos,binance-usd,EOS,BUSD
binance,STEEM/ETH,steem,ethereum,STEEM,ETH
binance,NPXS/USDT,pundi-x,tether,NPXS,USDT
binance,WIN/USDC,wink-tronbet,usd-coin,WIN,USDC
binance,BTT/USDC,bittorrent,usd-coin,BTT,USDC
binance,MCO/USDT,crypto-com,tether,MCO,USDT
binance,SYS/BTC,syscoin,bitcoin,SYS,BTC
binance,TFUEL/USDT,theta-fuel,tether,TFUEL,USDT
binance,BAT/USDC,basic-attention-token,usd-coin,BAT,USDC
binance,ETC/ETH,ethereum-classic,ethereum,ETC,ETH
binance,VIA/BTC,viacoin,bitcoin,VIA,BTC
binance,VIB/ETH,viberate,ethereum,VIB,ETH
binance,LTC/BUSD,litecoin,binance-usd,LTC,BUSD
binance,ZEN/ETH,horizen,ethereum,ZEN,ETH
binance,RDN/BTC,raiden-network-token,bitcoin,RDN,BTC
binance,XTZ/BNB,tezos,binance-coin,XTZ,BNB
binance,QTUM/ETH,qtum,ethereum,QTUM,ETH
binance,RLC/ETH,rlc,ethereum,RLC,ETH
binance,ONT/ETH,ontology,ethereum,ONT,ETH
binance,NANO/ETH,nano,ethereum,NANO,ETH
binance,MIOTA/BNB,iota,binance-coin,IOTA,BNB
binance,EDO/BTC,eidoo,bitcoin,EDO,BTC
binance,BRD/BNB,bread,binance-coin,BRD,BNB
binance,WTC/ETH,waltonchain,ethereum,WTC,ETH
binance,DUSK/USDC,dusk-network,usd-coin,DUSK,USDC
binance,MITH/USDT,mithril,tether,MITH,USDT
binance,ONG/USDT,ontology-gas,tether,ONG,USDT
binance,SNT/ETH,status,ethereum,SNT,ETH
binance,GTO/USDT,gifto,tether,GTO,USDT
binance,NEBL/ETH,neblio,ethereum,NEBL,ETH
binance,WAVES/ETH,waves,ethereum,WAVES,ETH
binance,BCH/BNB,bitcoin-cash,binance-coin,BCH,BNB
binance,HC/USDT,hypercash,tether,HC,USDT
binance,ZIL/BNB,zilliqa,binance-coin,ZIL,BNB
binance,CELR/BNB,celer-network,binance-coin,CELR,BNB
binance,SC/BTC,siacoin,bitcoin,SC,BTC
binance,BAT/TUSD,basic-attention-token,trueusd,BAT,TUSD
binance,XRP/PAX,xrp,paxos-standard,XRP,PAX
binance,ADA/TUSD,cardano,trueusd,ADA,TUSD
binance,NEO/USDC,neo,usd-coin,NEO,USDC
binance,BNB/PAX,binance-coin,paxos-standard,BNB,PAX
binance,KMD/ETH,komodo,ethereum,KMD,ETH
binance,DGD/ETH,digixdao,ethereum,DGD,ETH
binance,IOTX/USDT,iotex,tether,IOTX,USDT
binance,FTM/BNB,fantom,binance-coin,FTM,BNB
binance,DUSK/PAX,dusk-network,paxos-standard,DUSK,PAX
binance,IOST/BNB,iostoken,binance-coin,IOST,BNB
binance,NCASH/ETH,nucleus-vision,ethereum,NCASH,ETH
binance,PHX/TUSD,red-pulse,trueusd,PHB,TUSD
binance,ARN/ETH,aeron,ethereum,ARN,ETH
binance,LINK/PAX,chainlink,paxos-standard,LINK,PAX
binance,LINK/BUSD,chainlink,binance-usd,LINK,BUSD
binance,NCASH/BTC,nucleus-vision,bitcoin,NCASH,BTC
binance,AION/ETH,aion,ethereum,AION,ETH
binance,DUSK/BNB,dusk-network,binance-coin,DUSK,BNB
binance,ZEC/BNB,zcash,binance-coin,ZEC,BNB
binance,LSK/ETH,lisk,ethereum,LSK,ETH
binance,CMT/ETH,cybermiles,ethereum,CMT,ETH
binance,THETA/ETH,theta,ethereum,THETA,ETH
binance,MTL/USDT,metal,tether,MTL,USDT
binance,BLZ/ETH,bluzelle,ethereum,BLZ,ETH
binance,WAN/ETH,wanchain,ethereum,WAN,ETH
binance,ALGO/USDC,algorand,usd-coin,ALGO,USDC
binance,TNB/BTC,time-new-bank,bitcoin,TNB,BTC
binance,EOS/PAX,eos,paxos-standard,EOS,PAX
binance,REN/BNB,ren,binance-coin,REN,BNB
binance,OMG/ETH,omisego,ethereum,OMG,ETH
binance,XZC/ETH,zcoin,ethereum,XZC,ETH
binance,LRC/ETH,loopring,ethereum,LRC,ETH
binance,HOT/BNB,holo,binance-coin,HOT,BNB
binance,BGBP/USDC,binance-gbp-stable-coin,usd-coin,BGBP,USDC
binance,ADA/USDC,cardano,usd-coin,ADA,USDC
binance,BUSD/NGN,binance-usd,ngn,BUSD,NGN
binance,ICX/ETH,icon,ethereum,ICX,ETH
binance,CVC/USDT,civic,tether,CVC,USDT
binance,MFT/ETH,mainframe,ethereum,MFT,ETH
binance,WPR/ETH,wepower,ethereum,WPR,ETH
binance,STX/BNB,blockstack,binance-coin,STX,BNB
binance,ETHOS/ETH,ethos,ethereum,BQX,ETH
binance,MDA/ETH,moeda-loyalty-points,ethereum,MDA,ETH
binance,BRD/ETH,bread,ethereum,BRD,ETH
binance,QSP/ETH,quantstamp,ethereum,QSP,ETH
binance,BLZ/BNB,bluzelle,binance-coin,BLZ,BNB
binance,STORM/ETH,storm,ethereum,STORM,ETH
binance,BTC/RUB,bitcoin,rub,BTC,RUB
binance,NEO/PAX,neo,paxos-standard,NEO,PAX
binance,YOYOW/ETH,yoyow,ethereum,YOYO,ETH
binance,REP/ETH,augur,ethereum,REP,ETH
binance,COCOS/BNB,cocos-bcx,binance-coin,COCOS,BNB
binance,MCO/ETH,crypto-com,ethereum,MCO,ETH
binance,AMB/ETH,amber,ethereum,AMB,ETH
binance,ADA/BUSD,cardano,binance-usd,ADA,BUSD
binance,BEAM/BNB,beam,binance-coin,BEAM,BNB
binance,CTXC/BNB,cortex,binance-coin,CTXC,BNB
binance,WABI/ETH,tael,ethereum,WABI,ETH
binance,RLC/BNB,rlc,binance-coin,RLC,BNB
binance,NKN/BNB,nkn,binance-coin,NKN,BNB
binance,MANA/ETH,decentraland,ethereum,MANA,ETH
binance,TNT/ETH,tierion,ethereum,TNT,ETH
binance,BTT/PAX,bittorrent,paxos-standard,BTT,PAX
binance,BTG/ETH,bitcoin-gold,ethereum,BTG,ETH
binance,ATOM/USDC,cosmos,usd-coin,ATOM,USDC
binance,ZEC/TUSD,zcash,trueusd,ZEC,TUSD
binance,SKY/ETH,skycoin,ethereum,SKY,ETH
binance,NEBL/BNB,neblio,binance-coin,NEBL,BNB
binance,IOTX/ETH,iotex,ethereum,IOTX,ETH
binance,XEM/ETH,nem,ethereum,XEM,ETH
binance,CDT/ETH,blox,ethereum,CDT,ETH
binance,WAN/BNB,wanchain,binance-coin,WAN,BNB
binance,STRAT/ETH,stratis,ethereum,STRAT,ETH
binance,RDN/ETH,raiden-network-token,ethereum,RDN,ETH
binance,EOS/TUSD,eos,trueusd,EOS,TUSD
binance,NANO/BNB,nano,binance-coin,NANO,BNB
binance,SYS/ETH,syscoin,ethereum,SYS,ETH
binance,WTC/BNB,waltonchain,binance-coin,WTC,BNB
binance,STORM/BNB,storm,binance-coin,STORM,BNB
binance,WABI/BNB,tael,binance-coin,WABI,BNB
binance,GXC/ETH,gxchain,ethereum,GXS,ETH
binance,GNT/ETH,golem-network-tokens,ethereum,GNT,ETH
binance,POWR/ETH,power-ledger,ethereum,POWR,ETH
binance,MFT/BNB,mainframe,binance-coin,MFT,BNB
binance,AGI/BNB,singularitynet,binance-coin,AGI,BNB
binance,ZRX/BNB,0x,binance-coin,ZRX,BNB
binance,DLT/ETH,agrello-delta,ethereum,DLT,ETH
binance,STEEM/BNB,steem,binance-coin,STEEM,BNB
binance,SC/ETH,siacoin,ethereum,SC,ETH
binance,RCN/ETH,ripio-credit-network,ethereum,RCN,ETH
binance,INS/ETH,insolar,ethereum,INS,ETH
binance,QKC/ETH,quarkchain,ethereum,QKC,ETH
binance,STORJ/ETH,storj,ethereum,STORJ,ETH
binance,NULS/BNB,nuls,binance-coin,NULS,BNB
binance,MTH/ETH,monetha,ethereum,MTH,ETH
binance,ARPA/BNB,arpa-chain,binance-coin,ARPA,BNB
binance,SKY/BNB,skycoin,binance-coin,SKY,BNB
binance,NULS/ETH,nuls,ethereum,NULS,ETH
binance,MTL/ETH,metal,ethereum,MTL,ETH
binance,PPT/ETH,populous,ethereum,PPT,ETH
binance,APPC/ETH,appcoins,ethereum,APPC,ETH
binance,BNB/RUB,binance-coin,rub,BNB,RUB
binance,GTO/BNB,gifto,binance-coin,GTO,BNB
binance,ARK/ETH,ark,ethereum,ARK,ETH
binance,BNB/NGN,binance-coin,ngn,BNB,NGN
binance,ADX/ETH,adx-net,ethereum,ADX,ETH
binance,SC/BNB,siacoin,binance-coin,SC,BNB
binance,VIA/ETH,viacoin,ethereum,VIA,ETH
binance,DOGE/BNB,dogecoin,binance-coin,DOGE,BNB
binance,ZEN/BNB,horizen,binance-coin,ZEN,BNB
binance,NXS/ETH,nexus,ethereum,NXS,ETH
binance,USDS/TUSD,stableusd,trueusd,USDS,TUSD
binance,EDO/ETH,eidoo,ethereum,EDO,ETH
binance,COS/BNB,contentos,binance-coin,COS,BNB
binance,CND/BNB,cindicator,binance-coin,CND,BNB
binance,BCD/ETH,bitcoin-diamond,ethereum,BCD,ETH
binance,TFUEL/BNB,theta-fuel,binance-coin,TFUEL,BNB
binance,ETH/RUB,ethereum,rub,ETH,RUB
binance,BTS/ETH,bitshares,ethereum,BTS,ETH
binance,XRP/RUB,xrp,rub,XRP,RUB
binance,AST/ETH,airswap,ethereum,AST,ETH
binance,QTUM/BNB,qtum,binance-coin,QTUM,BNB
binance,HBAR/BNB,hedera-hashgraph,binance-coin,HBAR,BNB
binance,QLC/ETH,qlink,ethereum,QLC,ETH
binance,TOMO/BNB,tomochain,binance-coin,TOMO,BNB
binance,ONT/PAX,ontology,paxos-standard,ONT,PAX
binance,NEO/TUSD,neo,trueusd,NEO,TUSD
binance,ONT/USDC,ontology,usd-coin,ONT,USDC
binance,NXS/BNB,nexus,binance-coin,NXS,BNB
binance,SNM/ETH,sonm,ethereum,SNM,ETH
binance,VIBE/ETH,vibe,ethereum,VIBE,ETH
binance,RCN/BNB,ripio-credit-network,binance-coin,RCN,BNB
binance,ICX/BNB,icon,binance-coin,ICX,BNB
binance,GVT/ETH,genesis-vision,ethereum,GVT,ETH
binance,XLM/BUSD,stellar,binance-usd,XLM,BUSD
binance,OST/ETH,ost,ethereum,OST,ETH
binance,GTO/ETH,gifto,ethereum,GTO,ETH
binance,XEM/BNB,nem,binance-coin,XEM,BNB
binance,DNT/ETH,district0x,ethereum,DNT,ETH
binance,WAVES/BNB,waves,binance-coin,WAVES,BNB
binance,TNB/ETH,time-new-bank,ethereum,TNB,ETH
binance,CND/ETH,cindicator,ethereum,CND,ETH
binance,AE/ETH,aeternity,ethereum,AE,ETH
binance,ANKR/BNB,ankr,binance-coin,ANKR,BNB
binance,GRS/ETH,groestlcoin,ethereum,GRS,ETH
binance,POA/ETH,poa,ethereum,POA,ETH
binance,BCPT/ETH,blockmason,ethereum,BCPT,ETH
binance,MCO/BNB,crypto-com,binance-coin,MCO,BNB
binance,XLM/TUSD,stellar,trueusd,XLM,TUSD
binance,XZC/BNB,zcoin,binance-coin,XZC,BNB
binance,WAVES/USDC,waves,usd-coin,WAVES,USDC
binance,ETC/BUSD,ethereum-classic,binance-usd,ETC,BUSD
binance,BNB/USDS,binance-coin,stableusd,BNB,USDS
binance,AION/BNB,aion,binance-coin,AION,BNB
binance,ONG/BNB,ontology-gas,binance-coin,ONG,BNB
binance,ARDR/ETH,ardor,ethereum,ARDR,ETH
binance,AE/BNB,aeternity,binance-coin,AE,BNB
binance,FTM/USDC,fantom,usd-coin,FTM,USDC
binance,VIA/BNB,viacoin,binance-coin,VIA,BNB
binance,XLM/USDC,stellar,usd-coin,XLM,USDC
binance,AMB/BNB,amber,binance-coin,AMB,BNB
binance,PHX/BNB,red-pulse,binance-coin,PHB,BNB
binance,APPC/BNB,appcoins,binance-coin,APPC,BNB
binance,OAX/ETH,oax,ethereum,OAX,ETH
binance,THETA/BNB,theta,binance-coin,THETA,BNB
binance,USDS/USDC,stableusd,usd-coin,USDS,USDC
binance,GNT/BNB,golem-network-tokens,binance-coin,GNT,BNB
binance,POLY/BNB,polymath-network,binance-coin,POLY,BNB
binance,GO/BNB,gochain,binance-coin,GO,BNB
binance,XLM/PAX,stellar,paxos-standard,XLM,PAX
binance,TOMO/USDC,tomochain,usd-coin,TOMO,USDC
binance,YOYOW/BNB,yoyow,binance-coin,YOYO,BNB
binance,QSP/BNB,quantstamp,binance-coin,QSP,BNB
binance,CMT/BNB,cybermiles,binance-coin,CMT,BNB
binance,MITH/BNB,mithril,binance-coin,MITH,BNB
binance,OMG/BNB,omisego,binance-coin,OMG,BNB
binance,ADA/PAX,cardano,paxos-standard,ADA,PAX
binance,XZC/XRP,zcoin,xrp,XZC,XRP
binance,HC/ETH,hypercash,ethereum,HC,ETH
binance,SYS/BNB,syscoin,binance-coin,SYS,BNB
binance,ELF/ETH,aelf,ethereum,ELF,ETH
binance,BCPT/BNB,blockmason,binance-coin,BCPT,BNB
binance,BAT/PAX,basic-attention-token,paxos-standard,BAT,PAX
binance,ATOM/TUSD,cosmos,trueusd,ATOM,TUSD
binance,NAS/ETH,nebulas-token,ethereum,NAS,ETH
binance,PIVX/BNB,pivx,binance-coin,PIVX,BNB
binance,DCR/BNB,decred,binance-coin,DCR,BNB
binance,RDN/BNB,raiden-network-token,binance-coin,RDN,BNB
binance,ADX/BNB,adx-net,binance-coin,ADX,BNB
binance,POWR/BNB,power-ledger,binance-coin,POWR,BNB
binance,WAVES/TUSD,waves,trueusd,WAVES,TUSD
binance,NAS/BNB,nebulas-token,binance-coin,NAS,BNB
binance,DLT/BNB,agrello-delta,binance-coin,DLT,BNB
binance,ALGO/PAX,algorand,paxos-standard,ALGO,PAX
binance,OST/BNB,ost,binance-coin,OST,BNB
binance,PIVX/ETH,pivx,ethereum,PIVX,ETH
binance,POE/ETH,poet,ethereum,POE,ETH
binance,ETC/TUSD,ethereum-classic,trueusd,ETC,TUSD
binance,QLC/BNB,qlink,binance-coin,QLC,BNB
binance,LSK/BNB,lisk,binance-coin,LSK,BNB
binance,ZEC/PAX,zcash,paxos-standard,ZEC,PAX
binance,ARDR/BNB,ardor,binance-coin,ARDR,BNB
binance,POA/BNB,poa,binance-coin,POA,BNB
binance,USDS/PAX,stableusd,paxos-standard,USDS,PAX
binance,PERL/USDC,perlin,usd-coin,PERL,USDC
bitfinex,BTC/USD,bitcoin,usd,BTC,USD
bitfinex,ETH/USD,ethereum,usd,ETH,USD
bitfinex,BTC/EUR,bitcoin,eur,BTC,EUR
bitfinex,XRP/USD,xrp,usd,XRP,USD
bitfinex,USDT/USD,tether,usd,USDT,USD
bitfinex,LTC/USD,litecoin,usd,LTC,USD
bitfinex,EOS/USD,eos,usd,EOS,USD
bitfinex,BTC/USDT,bitcoin,tether,BTC,USDT
bitfinex,BCH/USD,bitcoin-cash,usd,BAB,USD
bitfinex,BTC/JPY,bitcoin,jpy,BTC,JPY
bitfinex,ETH/BTC,ethereum,bitcoin,ETH,BTC
bitfinex,BTC/GBP,bitcoin,gbp,BTC,GBP
bitfinex,ETH/EUR,ethereum,eur,ETH,EUR
bitfinex,VET/BTC,vechain,bitcoin,VET,BTC
bitfinex,BSV/USD,bitcoin-sv,usd,BSV,USD
bitfinex,ETP/USD,metaverse,usd,ETP,USD
bitfinex,NEO/USD,neo,usd,NEO,USD
bitfinex,AMPL/USDT,ampleforth,tether,AMPL,USDT
bitfinex,AMPL/USD,ampleforth,usd,AMPL,USD
bitfinex,LTC/BTC,litecoin,bitcoin,LTC,BTC
bitfinex,FTT/USD,ftx-token,usd,FTT,USD
bitfinex,ETH/USDT,ethereum,tether,ETH,USDT
bitfinex,XRP/BTC,xrp,bitcoin,XRP,BTC
bitfinex,FTT/USDT,ftx-token,tether,FTT,USDT
bitfinex,EOS/BTC,eos,bitcoin,EOS,BTC
bitfinex,MIOTA/USD,iota,usd,IOTA,USD
bitfinex,EOS/EUR,eos,eur,EOS,EUR
bitfinex,ZEC/USD,zcash,usd,ZEC,USD
bitfinex,BCH/BTC,bitcoin-cash,bitcoin,BAB,BTC
bitfinex,MKR/ETH,maker,ethereum,MKR,ETH
bitfinex,BSV/BTC,bitcoin-sv,bitcoin,BSV,BTC
bitfinex,XMR/USD,monero,usd,XMR,USD
bitfinex,OMG/BTC,omisego,bitcoin,OMG,BTC
bitfinex,MIOTA/BTC,iota,bitcoin,IOTA,BTC
bitfinex,LEO/USD,unus-sed-leo,usd,LEO,USD
bitfinex,XTZ/BTC,tezos,bitcoin,XTZ,BTC
bitfinex,ETC/USD,ethereum-classic,usd,ETC,USD
bitfinex,ETH/JPY,ethereum,jpy,ETH,JPY
bitfinex,ETH/GBP,ethereum,gbp,ETH,GBP
bitfinex,XMR/BTC,monero,bitcoin,XMR,BTC
bitfinex,EOS/JPY,eos,jpy,EOS,JPY
bitfinex,DASH/USD,dash,usd,DASH,USD
bitfinex,XTZ/USD,tezos,usd,XTZ,USD
bitfinex,OMG/USD,omisego,usd,OMG,USD
bitfinex,ETC/BTC,ethereum-classic,bitcoin,ETC,BTC
bitfinex,ZRX/USD,0x,usd,ZRX,USD
bitfinex,LEO/USDT,unus-sed-leo,tether,LEO,USDT
bitfinex,RBTC/BTC,rsk-smart-bitcoin,bitcoin,RBT,BTC
bitfinex,UOS/BTC,ultra,bitcoin,UOS,BTC
bitfinex,ZEC/BTC,zcash,bitcoin,ZEC,BTC
bitfinex,NEO/EUR,neo,eur,NEO,EUR
bitfinex,ETP/BTC,metaverse,bitcoin,ETP,BTC
bitfinex,DASH/BTC,dash,bitcoin,DASH,BTC
bitfinex,TRX/USD,tron,usd,TRX,USD
bitfinex,TRX/BTC,tron,bitcoin,TRX,BTC
bitfinex,SAI/USD,single-collateral-dai,usd,DAI,USD
bitfinex,EOS/USDT,eos,tether,EOS,USDT
bitfinex,EOS/ETH,eos,ethereum,EOS,ETH
bitfinex,RIF/BTC,rif-token,bitcoin,RIF,BTC
bitfinex,BCH/USDT,bitcoin-cash,tether,BAB,USDT
bitfinex,DUSK/BTC,dusk-network,bitcoin,DUSK,BTC
bitfinex,NEO/BTC,neo,bitcoin,NEO,BTC
bitfinex,SAI/ETH,single-collateral-dai,ethereum,DAI,ETH
bitfinex,LTC/USDT,litecoin,tether,LTC,USDT
bitfinex,MIOTA/ETH,iota,ethereum,IOTA,ETH
bitfinex,VSYS/USD,v-systems,usd,VSY,USD
bitfinex,XLM/BTC,stellar,bitcoin,XLM,BTC
bitfinex,MKR/BTC,maker,bitcoin,MKR,BTC
bitfinex,EOS/GBP,eos,gbp,EOS,GBP
bitfinex,FUN/ETH,funfair,ethereum,FUN,ETH
bitfinex,VSYS/BTC,v-systems,bitcoin,VSY,BTC
bitfinex,DUSK/USD,dusk-network,usd,DUSK,USD
bitfinex,UOS/USD,ultra,usd,UOS,USD
bitfinex,BTG/BTC,bitcoin-gold,bitcoin,BTG,BTC
bitfinex,BTG/USD,bitcoin-gold,usd,BTG,USD
bitfinex,DATA/BTC,streamr-datacoin,bitcoin,DATA,BTC
bitfinex,ETP/ETH,metaverse,ethereum,ETP,ETH
bitfinex,PASS/USD,blockpass,usd,PASS,USD
bitfinex,FUN/USD,funfair,usd,FUN,USD
bitfinex,DATA/USD,streamr-datacoin,usd,DATA,USD
bitfinex,MIOTA/EUR,iota,eur,IOTA,EUR
bitfinex,ATOM/USD,cosmos,usd,ATO,USD
bitfinex,MKR/USD,maker,usd,MKR,USD
bitfinex,DGX/USD,digix-gold-token,usd,DGX,USD
bitfinex,LEO/BTC,unus-sed-leo,bitcoin,LEO,BTC
bitfinex,XLM/USD,stellar,usd,XLM,USD
bitfinex,RIF/USD,rif-token,usd,RIF,USD
bitfinex,MIOTA/GBP,iota,gbp,IOTA,GBP
bitfinex,NEO/ETH,neo,ethereum,NEO,ETH
bitfinex,MIOTA/JPY,iota,jpy,IOTA,JPY
bitfinex,BAT/BTC,basic-attention-token,bitcoin,BAT,BTC
bitfinex,VET/USD,vechain,usd,VET,USD
bitfinex,UTK/BTC,utrust,bitcoin,UTK,BTC
bitfinex,QTUM/USD,qtum,usd,QTUM,USD
bitfinex,DATA/ETH,streamr-datacoin,ethereum,DATA,ETH
bitfinex,SNT/USD,status,usd,SNT,USD
bitfinex,WLO/USD,wollo,usd,WLO,USD
bitfinex,TRX/ETH,tron,ethereum,TRX,ETH
bitfinex,BAT/USD,basic-attention-token,usd,BAT,USD
bitfinex,FUN/BTC,funfair,bitcoin,FUN,BTC
bitfinex,UTK/ETH,utrust,ethereum,UTK,ETH
bitfinex,DGB/BTC,digibyte,bitcoin,DGB,BTC
bitfinex,NEO/JPY,neo,jpy,NEO,JPY
bitfinex,SNT/ETH,status,ethereum,SNT,ETH
bitfinex,ZRX/BTC,0x,bitcoin,ZRX,BTC
bitfinex,BTT/USD,bittorrent,usd,BTT,USD
bitfinex,TUSD/USD,trueusd,usd,TSD,USD
bitfinex,QTUM/BTC,qtum,bitcoin,QTUM,BTC
bitfinex,LEO/EOS,unus-sed-leo,eos,LEO,EOS
bitfinex,ATOM/BTC,cosmos,bitcoin,ATO,BTC
bitfinex,ALGO/USDT,algorand,tether,ALGO,USDT
bitfinex,WBTC/ETH,wrapped-bitcoin,ethereum,WBTC,ETH
bitfinex,TNB/ETH,time-new-bank,ethereum,TNB,ETH
bitfinex,ODE/USD,odem,usd,ODE,USD
bitfinex,UFR/ETH,upfiring,ethereum,UFR,ETH
bitfinex,DGB/USD,digibyte,usd,DGB,USD
bitfinex,QASH/USD,qash,usd,QASH,USD
bitfinex,KAN/USD,bitkan,usd,KAN,USD
bitfinex,VET/ETH,vechain,ethereum,VET,ETH
bitfinex,NEO/GBP,neo,gbp,NEO,GBP
bitfinex,TRX/EUR,tron,eur,TRX,EUR
bitfinex,ORS/USD,ors-group,usd,ORS,USD
bitfinex,LEO/ETH,unus-sed-leo,ethereum,LEO,ETH
bitfinex,XVG/BTC,verge,bitcoin,XVG,BTC
bitfinex,DT/USD,dragon-token,usd,DT,USD
bitfinex,ZB/USD,zb,usd,ZBT,USD
bitfinex,BAT/ETH,basic-attention-token,ethereum,BAT,ETH
bitfinex,ENJ/USD,enjin-coin,usd,ENJ,USD
bitfinex,TKN/ETH,monolith,ethereum,TKN,ETH
bitfinex,XCHF/ETH,cryptofranc,ethereum,XCHF,ETH
bitfinex,USDC/USD,usd-coin,usd,UDC,USD
bitfinex,ZB/USDT,zb,tether,ZBT,UST
bitfinex,SAN/USD,santiment,usd,SAN,USD
bitfinex,EDO/USD,eidoo,usd,EDO,USD
bitfinex,KAN/USDT,bitkan,tether,KAN,USDT
bitfinex,ZRX/ETH,0x,ethereum,ZRX,ETH
bitfinex,GNO/USD,gnosis-gno,usd,GNO,USD
bitfinex,XLM/EUR,stellar,eur,XLM,EUR
bitfinex,DGX/ETH,digix-gold-token,ethereum,DGX,ETH
bitfinex,RBTC/USD,rsk-smart-bitcoin,usd,RBT,USD
bitfinex,EURS/USD,stasis-euro,usd,EURS,USD
bitfinex,BTC/XCHF,bitcoin,cryptofranc,BTC,XCH
bitfinex,BCI/BTC,bitcoin-interest,bitcoin,BCI,BTC
bitfinex,EDO/BTC,eidoo,bitcoin,EDO,BTC
bitfinex,WBTC/USD,wrapped-bitcoin,usd,WBTC,USD
bitfinex,ODE/BTC,odem,bitcoin,ODE,BTC
bitfinex,INT/USD,int-chain,usd,INT,USD
bitfinex,MAN/USD,matrix-ai-network,usd,MAN,USD
bitfinex,SNT/BTC,status,bitcoin,SNT,BTC
bitfinex,XLM/JPY,stellar,jpy,XLM,JPY
bitfinex,TRX/GBP,tron,gbp,TRX,GBP
bitfinex,BTT/BTC,bittorrent,bitcoin,BTT,BTC
bitfinex,PAX/USD,paxos-standard,usd,PAX,USD
bitfinex,TRX/JPY,tron,jpy,TRX,JPY
bitfinex,XLM/GBP,stellar,gbp,XLM,GBP
bitfinex,ELF/BTC,aelf,bitcoin,ELF,BTC
bitfinex,XVG/USD,verge,usd,XVG,USD
bitfinex,KNC/USD,kyber-network,usd,KNC,USD
bitfinex,SPANK/USD,spankchain,usd,SPANK,USD
bitfinex,PNK/ETH,kleros,ethereum,PNK,ETH
bitfinex,STORJ/BTC,storj,bitcoin,STORJ,BTC
bitfinex,FOAM/USD,foam,usd,FOAM,USD
bitfinex,QASH/BTC,qash,bitcoin,QASH,BTC
bitfinex,SAI/BTC,single-collateral-dai,bitcoin,DAI,BTC
bitfinex,XVG/ETH,verge,ethereum,XVG,ETH
bitfinex,VEE/USD,blockv,usd,VEE,USD
bitfinex,MGO/USD,mobilego,usd,MGO,USD
bitfinex,WAXP/BTC,wax,bitcoin,WAX,BTC
bitfinex,LRC/USD,loopring,usd,LRC,USD
bitfinex,VLD/ETH,vetri,ethereum,VLD,ETH
bitfinex,BBN/USD,banyan-network,usd,BBN,USD
bitfinex,TNB/USD,time-new-bank,usd,TNB,USD
bitfinex,BCI/USD,bitcoin-interest,usd,BCI,USD
bitfinex,MTN/USD,medical-chain,usd,MTN,USD
bitfinex,KNC/BTC,kyber-network,bitcoin,KNC,BTC
bitfinex,CS/ETH,credits,ethereum,CS,ETH
bitfinex,AMPL/BTC,ampleforth,bitcoin,AMPL,BTC
bitfinex,AGI/USD,singularitynet,usd,AGI,USD
bitfinex,SPANK/BTC,spankchain,bitcoin,SPANK,BTC
bitfinex,REP/BTC,augur,bitcoin,REP,BTC
bitfinex,ZIL/USD,zilliqa,usd,ZIL,USD
bitfinex,GOT/USD,parkingo,usd,GOT,USD
bitfinex,TKN/USD,monolith,usd,TKN,USD
bitfinex,SPANK/ETH,spankchain,ethereum,SPANK,ETH
bitfinex,SAN/BTC,santiment,bitcoin,SAN,BTC
bitfinex,RCN/BTC,ripio-credit-network,bitcoin,RCN,BTC
bitfinex,IOST/ETH,iostoken,ethereum,IOST,ETH
bitfinex,TNB/BTC,time-new-bank,bitcoin,TNB,BTC
bitfinex,RCN/USD,ripio-credit-network,usd,RCN,USD
bitfinex,MGO/ETH,mobilego,ethereum,MGO,ETH
bitfinex,AION/USD,aion,usd,AIO,USD
bitfinex,ENJ/ETH,enjin-coin,ethereum,ENJ,ETH
bitfinex,DADI/BTC,edge,bitcoin,DADI,BTC
bitfinex,CTXC/BTC,cortex,bitcoin,CTXC,BTC
bitfinex,GOT/EUR,parkingo,eur,GOT,EUR
bitfinex,VEE/ETH,blockv,ethereum,VEE,ETH
bitfinex,SAN/ETH,santiment,ethereum,SAN,ETH
bitfinex,MTN/BTC,medical-chain,bitcoin,MTN,BTC
bitfinex,WAXP/USD,wax,usd,WAX,USD
bitfinex,BNT/USD,bancor,usd,BNT,USD
bitfinex,BNT/USD,bancor,usd,BNT,USD
bitfinex,BNT/ETH,bancor,ethereum,BNT,ETH
bitfinex,VLD/USD,vetri,usd,VLD,USD
bitfinex,FOAM/ETH,foam,ethereum,FOAM,ETH
bitfinex,DTA/ETH,data,ethereum,DTA,ETH
bitfinex,NEC/BTC,nectar,bitcoin,NEC,BTC
bitfinex,OMNI/USD,omni,usd,OMN,USD
bitfinex,FSN/BTC,fusion,bitcoin,FSN,BTC
bitfinex,UTNP/ETH,universa,ethereum,UTNP,ETH
bitfinex,AVT/ETH,aventus,ethereum,AVT,ETH
bitfinex,XVG/EUR,verge,eur,XVG,EUR
bitfinex,LRC/BTC,loopring,bitcoin,LRC,BTC
bitfinex,ZIL/ETH,zilliqa,ethereum,ZIL,ETH
bitfinex,RLC/BTC,rlc,bitcoin,RLC,BTC
bitfinex,AUC/ETH,auctus,ethereum,AUC,ETH
bitfinex,CBT/BTC,commerceblock,bitcoin,CBT,BTC
bitfinex,CTXC/USD,cortex,usd,CTXC,USD
bitfinex,YOYOW/USD,yoyow,usd,YOYOW,USD
bitfinex,PAI/USD,project-pai,usd,PAI,USD
bitfinex,ZCN/USD,0chain,usd,ZCN,USD
bitfinex,DTH/ETH,dether,ethereum,DTH,ETH
bitfinex,MITH/ETH,mithril,ethereum,MITH,ETH
bitfinex,CNN/ETH,content-neutrality-network,ethereum,CNN,ETH
bitfinex,IOST/BTC,iostoken,bitcoin,IOST,BTC
bitfinex,REP/USD,augur,usd,REP,USD
bitfinex,DTA/USD,data,usd,DTA,USD
bitfinex,GEN/ETH,daostack,ethereum,GEN,ETH
bitfinex,ONL/USD,on-live,usd,ONL,USD
bitfinex,IMP/ETH,ether-kingdoms-token,ethereum,IMP,ETH
bitfinex,REQ/ETH,request,ethereum,REQ,ETH
bitfinex,NCASH/ETH,nucleus-vision,ethereum,NCASH,ETH
bitfinex,TRIO/USD,tripio,usd,TRIO,USD
bitfinex,WPR/BTC,wepower,bitcoin,WPR,BTC
bitfinex,STORJ/ETH,storj,ethereum,STORJ,ETH
bitfinex,WPR/USD,wepower,usd,WPR,USD
bitfinex,XRA/USD,xriba,usd,XRA,USD
bitfinex,ZCN/BTC,0chain,bitcoin,ZCN,BTC
bitfinex,GNO/ETH,gnosis-gno,ethereum,GNO,ETH
bitfinex,YEED/ETH,yeed,ethereum,YEED,ETH
bitfinex,DADI/ETH,edge,ethereum,DADI,ETH
bitfinex,ABYSS/ETH,abyss-token,ethereum,ABYSS,ETH
bitfinex,XVG/JPY,verge,jpy,XVG,JPY
bitfinex,RLC/ETH,rlc,ethereum,RLC,ETH
bitfinex,PNK/USD,kleros,usd,PNK,USD
bitfinex,ATOM/ETH,cosmos,ethereum,ATO,ETH
bitfinex,GNT/ETH,golem-network-tokens,ethereum,GNT,ETH
bitfinex,BNT/BTC,bancor,bitcoin,BNT,BTC
bitfinex,IOST/USD,iostoken,usd,IOST,USD
bitfinex,RDN/BTC,raiden-network-token,bitcoin,RDN,BTC
bitfinex,XVG/GBP,verge,gbp,XVG,GBP
bitfinex,YEED/USD,yeed,usd,YEED,USD
bitfinex,SWM/ETH,swarm-fund,ethereum,SWM,ETH
bitfinex,QASH/ETH,qash,ethereum,QASH,ETH
bitfinex,WLO/XLM,wollo,stellar,WLO,XLM
bitfinex,POLY/BTC,polymath-network,bitcoin,POLY,BTC
bitfinex,MITH/BTC,mithril,bitcoin,MITH,BTC
bitfinex,AID/BTC,aidcoin,bitcoin,AID,BTC
bitfinex,NCASH/USD,nucleus-vision,usd,NCASH,USD
bitfinex,YOYOW/BTC,yoyow,bitcoin,YOYOW,BTC
bitfinex,USDK/EOS,usdk,eos,USDK,EOS
bitfinex,IQ/BTC,everipedia,bitcoin,IQX,BTC
bitfinex,ORS/BTC,ors-group,bitcoin,ORS,BTC
bitfinex,AVT/USD,aventus,usd,AVT,USD
bitfinex,CS/USD,credits,usd,CS,USD
bitfinex,KNC/ETH,kyber-network,ethereum,KNC,ETH
bitfinex,WPR/ETH,wepower,ethereum,WPR,ETH
bitfinex,AST/USD,airswap,usd,AST,USD
bitfinex,WAXP/ETH,wax,ethereum,WAX,ETH
bitfinex,RCN/ETH,ripio-credit-network,ethereum,RCN,ETH
bitfinex,LRC/ETH,loopring,ethereum,LRC,ETH
bitfinex,REP/ETH,augur,ethereum,REP,ETH
bitfinex,RTE/USD,rate3,usd,RTE,USD
bitfinex,GEN/USD,daostack,usd,GEN,USD
bitfinex,ZCN/ETH,0chain,ethereum,ZCN,ETH
bitfinex,SEER/BTC,seer,bitcoin,SEER,BTC
bitfinex,OKB/USD,okb,usd,OKB,USD
bitfinex,CLO/USD,callisto-network,usd,CLO,USD
bitfinex,OKB/USDT,okb,tether,OKB,USDT
bitfinex,OMNI/BTC,omni,bitcoin,OMN,BTC
bitfinex,DTA/BTC,data,bitcoin,DTA,BTC
bitfinex,NIO/ETH,autonio,ethereum,NIO,ETH
bitfinex,CND/ETH,cindicator,ethereum,CND,ETH
bitfinex,AVT/BTC,aventus,bitcoin,AVT,BTC
bitfinex,AGI/BTC,singularitynet,bitcoin,AGI,BTC
bitfinex,CBT/ETH,commerceblock,ethereum,CBT,ETH
bitfinex,IMP/USD,ether-kingdoms-token,usd,IMP,USD
bitfinex,SEER/ETH,seer,ethereum,SEER,ETH
bitfinex,CND/BTC,cindicator,bitcoin,CND,BTC
bitfinex,XLM/ETH,stellar,ethereum,XLM,ETH
bitfinex,AID/ETH,aidcoin,ethereum,AID,ETH
bitfinex,GNT/USD,golem-network-tokens,usd,GNT,USD
bitfinex,NIO/USD,autonio,usd,NIO,USD
bitfinex,INT/ETH,int-chain,ethereum,INT,ETH
bitfinex,CLO/BTC,callisto-network,bitcoin,CLO,BTC
bitfinex,USDK/USDT,usdk,tether,USDK,USDT
bitfinex,UTK/USD,utrust,usd,UTK,USD
bitfinex,TRIO/ETH,tripio,ethereum,TRIO,ETH
bitfinex,UFR/USD,upfiring,usd,UFR,USD
bitfinex,AION/ETH,aion,ethereum,AIO,ETH
bitfinex,YOYOW/ETH,yoyow,ethereum,YOYOW,ETH
bitfinex,MITH/USD,mithril,usd,MITH,USD
bitfinex,BOX/USD,contentbox,usd,BOX,USD
bitfinex,CNN/USD,content-neutrality-network,usd,CNN,USD
bitfinex,POLY/USD,polymath-network,usd,POLY,USD
bitfinex,BFT/USD,bnktothefuture,usd,BFT,USD
bitfinex,VEE/BTC,blockv,bitcoin,VEE,BTC
bitfinex,GUSD/USD,gemini-dollar,usd,GSD,USD
bitfinex,ESS/USD,essentia,usd,ESS,USD
bitfinex,GNT/BTC,golem-network-tokens,bitcoin,GNT,BTC
bitfinex,AION/BTC,aion,bitcoin,AIO,BTC
bitfinex,WTC/USD,waltonchain,usd,WTC,USD
bitfinex,IQ/USD,everipedia,usd,IQX,USD
bitfinex,USDK/ETH,usdk,ethereum,USDK,ETH
bitfinex,XRA/ETH,xriba,ethereum,XRA,ETH
bitfinex,ATMI/USD,atonomi,usd,ATMI,USD
bitfinex,WTC/ETH,waltonchain,ethereum,WTC,ETH
bitfinex,GOT/ETH,parkingo,ethereum,GOT,ETH
bitfinex,LOOM/ETH,loom-network,ethereum,LOOM,ETH
bitfinex,AUC/USD,auctus,usd,AUC,USD
bitfinex,DTH/USD,dether,usd,DTH,USD
bitfinex,SNGLS/USD,singulardtv,usd,SNGLS,USD
bitfinex,FSN/ETH,fusion,ethereum,FSN,ETH
bitfinex,MANA/USD,decentraland,usd,MANA,USD
bitfinex,HOT/ETH,hydro-protocol,ethereum,HOT,ETH
bitfinex,CND/USD,cindicator,usd,CND,USD
bitfinex,NEC/USD,nectar,usd,NEC,USD
bitfinex,ESS/BTC,essentia,bitcoin,ESS,BTC
bitfinex,MAN/ETH,matrix-ai-network,ethereum,MAN,ETH
bitfinex,RTE/ETH,rate3,ethereum,RTE,ETH
bitfinex,RLC/USD,rlc,usd,RLC,USD
bitfinex,NCASH/BTC,nucleus-vision,bitcoin,NCASH,BTC
bitfinex,LOOM/USD,loom-network,usd,LOOM,USD
bitfinex,IQ/EOS,everipedia,eos,IQX,EOS
bitfinex,POA/BTC,poa,bitcoin,POA,BTC
bitfinex,MANA/ETH,decentraland,ethereum,MANA,ETH
bitfinex,ZIL/BTC,zilliqa,bitcoin,ZIL,BTC
bitfinex,ALGO/USD,algorand,usd,ALGO,USD
bitfinex,FSN/USD,fusion,usd,FSN,USD
bitfinex,DRGN/ETH,dragonchain,ethereum,DRGN,ETH
bitfinex,RDN/ETH,raiden-network-token,ethereum,RDN,ETH
bitfinex,OKB/BTC,okb,bitcoin,OKB,BTC
bitfinex,ALGO/BTC,algorand,bitcoin,ALGO,BTC
bitfinex,POA/USD,poa,usd,POA,USD
bitfinex,BFT/BTC,bnktothefuture,bitcoin,BFT,BTC
bitfinex,CBT/USD,commerceblock,usd,CBT,USD
bitfinex,LYM/USD,lympo,usd,LYM,USD
bitfinex,MANA/BTC,decentraland,bitcoin,MANA,BTC
bitfinex,DADI/USD,edge,usd,DADI,USD
bitfinex,HOT/USD,hydro-protocol,usd,HOT,USD
bitfinex,SNGLS/ETH,singulardtv,ethereum,SNGLS,ETH
bitfinex,SNGLS/BTC,singulardtv,bitcoin,SNGLS,BTC
bitfinex,ODE/ETH,odem,ethereum,ODE,ETH
bitfinex,CTXC/ETH,cortex,ethereum,CTXC,ETH
bitfinex,MLN/USD,melon,usd,MLN,USD
bitfinex,ANT/ETH,aragon,ethereum,ANT,ETH
bitfinex,ONL/ETH,on-live,ethereum,ONL,ETH
bitfinex,XCHF/USD,cryptofranc,usd,XCHF,USD
bitfinex,REQ/USD,request,usd,REQ,USD
bitfinex,HOT/BTC,hydro-protocol,bitcoin,HOT,BTC
bitfinex,RDN/USD,raiden-network-token,usd,RDN,USD
bitfinex,USDK/USD,usdk,usd,USDK,USD
bitfinex,SEER/USD,seer,usd,SEER,USD
bitfinex,ORS/ETH,ors-group,ethereum,ORS,ETH
bitfinex,QTUM/ETH,qtum,ethereum,QTUM,ETH
bitfinex,ANT/USD,aragon,usd,ANT,USD
bitfinex,ANT/BTC,aragon,bitcoin,ANT,BTC
bitfinex,PASS/ETH,blockpass,ethereum,PASS,ETH
bitfinex,UTNP/USD,universa,usd,UTNP,USD
bitfinex,OKB/ETH,okb,ethereum,OKB,ETH
bitfinex,LYM/BTC,lympo,bitcoin,LYM,BTC
bitfinex,PAI/BTC,project-pai,bitcoin,PAI,BTC
bitfinex,AID/USD,aidcoin,usd,AID,USD
bitfinex,ELF/ETH,aelf,ethereum,ELF,ETH
bitfinex,NEC/ETH,nectar,ethereum,NEC,ETH
bitfinex,ELF/USD,aelf,usd,ELF,USD
bitfinex,DRGN/USD,dragonchain,usd,DRGN,USD
bitfinex,SWM/USD,swarm-fund,usd,SWM,USD
bitfinex,BFT/ETH,bnktothefuture,ethereum,BFT,ETH
bitfinex,EDO/ETH,eidoo,ethereum,EDO,ETH
bitfinex,ABYSS/USD,abyss-token,usd,ABYSS,USD
bitfinex,LYM/ETH,lympo,ethereum,LYM,ETH
bitfinex,AGI/ETH,singularitynet,ethereum,AGI,ETH
bitfinex,MLN/ETH,melon,ethereum,MLN,ETH
bitfinex,AST/ETH,airswap,ethereum,AST,ETH
bitfinex,EURS/ETH,stasis-euro,ethereum,EURS,ETH
bitfinex,DT/USDT,dragon-token,tether,DT,USDT
bitfinex,DTH/BTC,dether,bitcoin,DTH,BTC
bitfinex,BOX/ETH,contentbox,ethereum,BOX,ETH
bitfinex,POA/ETH,poa,ethereum,POA,ETH
bitfinex,AUC/BTC,auctus,bitcoin,AUC,BTC
bitfinex,ESS/ETH,essentia,ethereum,ESS,ETH
bitfinex,USDK/BTC,usdk,bitcoin,USDK,BTC
bitfinex,STORJ/USD,storj,usd,STORJ,USD
bitfinex,BBN/ETH,banyan-network,ethereum,BBN,ETH
bitfinex,REQ/BTC,request,bitcoin,REQ,BTC
bitfinex,MTN/ETH,medical-chain,ethereum,MTN,ETH
bitfinex,POLY/ETH,polymath-network,ethereum,POLY,ETH
kraken,BTC/USD,bitcoin,usd,BTC,USD
kraken,BTC/EUR,bitcoin,eur,BTC,EUR
kraken,ETH/EUR,ethereum,eur,ETH,EUR
kraken,ETH/USD,ethereum,usd,ETH,USD
kraken,XRP/USD,xrp,usd,XRP,USD
kraken,USDT/USD,tether,usd,USDT,USD
kraken,BCH/USD,bitcoin-cash,usd,BCH,USD
kraken,LTC/USD,litecoin,usd,LTC,USD
kraken,ETH/BTC,ethereum,bitcoin,ETH,BTC
kraken,XRP/EUR,xrp,eur,XRP,EUR
kraken,BCH/EUR,bitcoin-cash,eur,BCH,EUR
kraken,BTC/CAD,bitcoin,cad,BTC,CAD
kraken,LTC/EUR,litecoin,eur,LTC,EUR
kraken,XTZ/BTC,tezos,bitcoin,XTZ,BTC
kraken,DASH/BTC,dash,bitcoin,DASH,BTC
kraken,EOS/EUR,eos,eur,EOS,EUR
kraken,DASH/USD,dash,usd,DASH,USD
kraken,DASH/EUR,dash,eur,DASH,EUR
kraken,XLM/USD,stellar,usd,XLM,USD
kraken,EOS/USD,eos,usd,EOS,USD
kraken,LTC/BTC,litecoin,bitcoin,LTC,BTC
kraken,XMR/EUR,monero,eur,XMR,EUR
kraken,XTZ/USD,tezos,usd,XTZ,USD
kraken,XRP/BTC,xrp,bitcoin,XRP,BTC
kraken,XTZ/EUR,tezos,eur,XTZ,EUR
kraken,XMR/USD,monero,usd,XMR,USD
kraken,EOS/BTC,eos,bitcoin,EOS,BTC
kraken,ATOM/USD,cosmos,usd,ATOM,USD
kraken,BCH/BTC,bitcoin-cash,bitcoin,BCH,BTC
kraken,REP/EUR,augur,eur,REP,EUR
kraken,LINK/EUR,chainlink,eur,LINK,EUR
kraken,XLM/EUR,stellar,eur,XLM,EUR
kraken,ATOM/EUR,cosmos,eur,ATOM,EUR
kraken,BTC/GBP,bitcoin,gbp,BTC,GBP
kraken,ADA/EUR,cardano,eur,ADA,EUR
kraken,XMR/BTC,monero,bitcoin,XMR,BTC
kraken,ADA/USD,cardano,usd,ADA,USD
kraken,ZEC/USD,zcash,usd,ZEC,USD
kraken,BAT/USD,basic-attention-token,usd,BAT,USD
kraken,SAI/USD,single-collateral-dai,usd,DAI,USD
kraken,LINK/BTC,chainlink,bitcoin,LINK,BTC
kraken,XLM/BTC,stellar,bitcoin,XLM,BTC
kraken,BAT/EUR,basic-attention-token,eur,BAT,EUR
kraken,REP/BTC,augur,bitcoin,REP,BTC
kraken,ADA/BTC,cardano,bitcoin,ADA,BTC
kraken,QTUM/USD,qtum,usd,QTUM,USD
kraken,LINK/USD,chainlink,usd,LINK,USD
kraken,QTUM/EUR,qtum,eur,QTUM,EUR
kraken,DOGE/BTC,dogecoin,bitcoin,DOGE,BTC
kraken,ZEC/EUR,zcash,eur,ZEC,EUR
kraken,BAT/BTC,basic-attention-token,bitcoin,BAT,BTC
kraken,QTUM/BTC,qtum,bitcoin,QTUM,BTC
kraken,ATOM/BTC,cosmos,bitcoin,ATOM,BTC
kraken,ETH/CAD,ethereum,cad,ETH,CAD
kraken,ETC/EUR,ethereum-classic,eur,ETC,EUR
kraken,SAI/EUR,single-collateral-dai,eur,DAI,EUR
kraken,SAI/USDT,single-collateral-dai,tether,DAI,USDT
kraken,REP/USD,augur,usd,REP,USD
kraken,ETC/BTC,ethereum-classic,bitcoin,ETC,BTC
kraken,GNO/ETH,gnosis-gno,ethereum,GNO,ETH
kraken,REP/ETH,augur,ethereum,REP,ETH
kraken,XTZ/ETH,tezos,ethereum,XTZ,ETH
kraken,GNO/BTC,gnosis-gno,bitcoin,GNO,BTC
kraken,GNO/USD,gnosis-gno,usd,GNO,USD
kraken,ETC/USD,ethereum-classic,usd,ETC,USD
kraken,ZEC/BTC,zcash,bitcoin,ZEC,BTC
kraken,MLN/BTC,melon,bitcoin,MLN,BTC
kraken,EOS/ETH,eos,ethereum,EOS,ETH
kraken,LINK/ETH,chainlink,ethereum,LINK,ETH
kraken,ICX/BTC,icon,bitcoin,ICX,BTC
kraken,MLN/ETH,melon,ethereum,MLN,ETH
kraken,GNO/EUR,gnosis-gno,eur,GNO,EUR
kraken,ATOM/ETH,cosmos,ethereum,ATOM,ETH
kraken,WAVES/EUR,waves,eur,WAVES,EUR
kraken,LSK/BTC,lisk,bitcoin,LSK,BTC
kraken,LSK/USD,lisk,usd,LSK,USD
kraken,ICX/ETH,icon,ethereum,ICX,ETH
kraken,NANO/EUR,nano,eur,NANO,EUR
kraken,NANO/BTC,nano,bitcoin,NANO,BTC
kraken,LSK/EUR,lisk,eur,LSK,EUR
kraken,ICX/USD,icon,usd,ICX,USD
kraken,ICX/EUR,icon,eur,ICX,EUR
kraken,ETH/GBP,ethereum,gbp,ETH,GBP
kraken,SC/EUR,siacoin,eur,SC,EUR
kraken,BTC/JPY,bitcoin,jpy,BTC,JPY
kraken,XRP/CAD,xrp,cad,XRP,CAD
kraken,ADA/ETH,cardano,ethereum,ADA,ETH
kraken,WAVES/BTC,waves,bitcoin,WAVES,BTC
kraken,ETC/ETH,ethereum-classic,ethereum,ETC,ETH
kraken,WAVES/USD,waves,usd,WAVES,USD
kraken,NANO/USD,nano,usd,NANO,USD
kraken,BAT/ETH,basic-attention-token,ethereum,BAT,ETH
kraken,ATOM/CAD,cosmos,cad,ATOM,CAD
kraken,QTUM/ETH,qtum,ethereum,QTUM,ETH
kraken,PAXG/EUR,pax-gold,eur,PAXG,EUR
kraken,XTZ/CAD,tezos,cad,XTZ,CAD
kraken,PAXG/BTC,pax-gold,bitcoin,PAXG,BTC
kraken,OMG/BTC,omisego,bitcoin,OMG,BTC
kraken,SC/USD,siacoin,usd,SC,USD
kraken,SC/BTC,siacoin,bitcoin,SC,BTC
kraken,LSK/ETH,lisk,ethereum,LSK,ETH
kraken,OMG/USD,omisego,usd,OMG,USD
kraken,OMG/EUR,omisego,eur,OMG,EUR
kraken,NANO/ETH,nano,ethereum,NANO,ETH
kraken,SC/ETH,siacoin,ethereum,SC,ETH
kraken,QTUM/CAD,qtum,cad,QTUM,CAD
kraken,PAXG/ETH,pax-gold,ethereum,PAXG,ETH
kraken,OMG/ETH,omisego,ethereum,OMG,ETH
kraken,WAVES/ETH,waves,ethereum,WAVES,ETH
kraken,ZEC/JPY,zcash,jpy,ZEC,JPY
kraken,ETH/JPY,ethereum,jpy,ETH,JPY
kraken,PAXG/USD,pax-gold,usd,PAXG,USD
kraken,ADA/CAD,cardano,cad,ADA,CAD
kraken,XRP/JPY,xrp,jpy,XRP,JPY
poloniex,BTC/USDT,bitcoin,tether,BTC,USDT
poloniex,BTC/USDC,bitcoin,usd-coin,BTC,USDC
poloniex,ETH/USDT,ethereum,tether,ETH,USDT
poloniex,ETH/BTC,ethereum,bitcoin,ETH,BTC
poloniex,XRP/BTC,xrp,bitcoin,XRP,BTC
poloniex,USDT/USDC,tether,usd-coin,USDT,USDC
poloniex,ETH/USDC,ethereum,usd-coin,ETH,USDC
poloniex,LTC/BTC,litecoin,bitcoin,LTC,BTC
poloniex,XRP/USDT,xrp,tether,XRP,USDT
poloniex,XMR/BTC,monero,bitcoin,XMR,BTC
poloniex,BSV/BTC,bitcoin-sv,bitcoin,BCHSV,BTC
poloniex,LTC/USDT,litecoin,tether,LTC,USDT
poloniex,LTC/USDC,litecoin,usd-coin,LTC,USDC
poloniex,BSV/USDC,bitcoin-sv,usd-coin,BCHSV,USDC
poloniex,BCH/BTC,bitcoin-cash,bitcoin,BCHABC,BTC
poloniex,BCH/USDT,bitcoin-cash,tether,BCHABC,USDT
poloniex,ATOM/BTC,cosmos,bitcoin,ATOM,BTC
poloniex,ZEC/BTC,zcash,bitcoin,ZEC,BTC
poloniex,XLM/BTC,stellar,bitcoin,STR,BTC
poloniex,EOS/USDT,eos,tether,EOS,USDT
poloniex,DGB/BTC,digibyte,bitcoin,DGB,BTC
poloniex,ETC/BTC,ethereum-classic,bitcoin,ETC,BTC
poloniex,DASH/BTC,dash,bitcoin,DASH,BTC
poloniex,XMR/USDT,monero,tether,XMR,USDT
poloniex,DOGE/BTC,dogecoin,bitcoin,DOGE,BTC
poloniex,XRP/USDC,xrp,usd-coin,XRP,USDC
poloniex,ATOM/USDT,cosmos,tether,ATOM,USDT
poloniex,EOS/BTC,eos,bitcoin,EOS,BTC
poloniex,XLM/USDT,stellar,tether,STR,USDT
poloniex,FCT/BTC,factom,bitcoin,FCT,BTC
poloniex,BCH/USDC,bitcoin-cash,usd-coin,BCHABC,USDC
poloniex,ATOM/USDC,cosmos,usd-coin,ATOM,USDC
poloniex,GRIN/BTC,grin,bitcoin,GRIN,BTC
poloniex,MAID/BTC,maidsafecoin,bitcoin,MAID,BTC
poloniex,TRX/BTC,tron,bitcoin,TRX,BTC
poloniex,QTUM/USDT,qtum,tether,QTUM,USDT
poloniex,BTS/BTC,bitshares,bitcoin,BTS,BTC
poloniex,BAT/BTC,basic-attention-token,bitcoin,BAT,BTC
poloniex,REP/BTC,augur,bitcoin,REP,BTC
poloniex,ZRX/BTC,0x,bitcoin,ZRX,BTC
poloniex,DASH/USDT,dash,tether,DASH,USDT
poloniex,XEM/BTC,nem,bitcoin,XEM,BTC
poloniex,XMR/USDC,monero,usd-coin,XMR,USDC
poloniex,BSV/USDT,bitcoin-sv,tether,BCHSV,USDT
poloniex,EOS/ETH,eos,ethereum,EOS,ETH
poloniex,STORJ/BTC,storj,bitcoin,STORJ,BTC
poloniex,ZEC/ETH,zcash,ethereum,ZEC,ETH
poloniex,LOOM/BTC,loom-network,bitcoin,LOOM,BTC
poloniex,DCR/BTC,decred,bitcoin,DCR,BTC
poloniex,KNC/BTC,kyber-network,bitcoin,KNC,BTC
poloniex,ZEC/USDT,zcash,tether,ZEC,USDT
poloniex,ETC/USDT,ethereum-classic,tether,ETC,USDT
poloniex,TRX/USDT,tron,tether,TRX,USDT
poloniex,ZEC/USDC,zcash,usd-coin,ZEC,USDC
poloniex,ZRX/USDT,0x,tether,ZRX,USDT
poloniex,FOAM/BTC,foam,bitcoin,FOAM,BTC
poloniex,ETC/USDC,ethereum-classic,usd-coin,ETC,USDC
poloniex,REP/USDT,augur,tether,REP,USDT
poloniex,DASH/USDC,dash,usd-coin,DASH,USDC
poloniex,ETC/ETH,ethereum-classic,ethereum,ETC,ETH
poloniex,GNT/BTC,golem-network-tokens,bitcoin,GNT,BTC
poloniex,BAT/USDT,basic-attention-token,tether,BAT,USDT
poloniex,STRAT/BTC,stratis,bitcoin,STRAT,BTC
poloniex,VTC/BTC,vertcoin,bitcoin,VTC,BTC
poloniex,EOS/USDC,eos,usd-coin,EOS,USDC
poloniex,ZRX/ETH,0x,ethereum,ZRX,ETH
poloniex,TRX/USDC,tron,usd-coin,TRX,USDC
poloniex,BNT/BTC,bancor,bitcoin,BNT,BTC
poloniex,SC/BTC,siacoin,bitcoin,SC,BTC
poloniex,NXT/BTC,nxt,bitcoin,NXT,BTC
poloniex,ARDR/BTC,ardor,bitcoin,ARDR,BTC
poloniex,QTUM/BTC,qtum,bitcoin,QTUM,BTC
poloniex,LPT/BTC,livepeer,bitcoin,LPT,BTC
poloniex,DOGE/USDT,dogecoin,tether,DOGE,USDT
poloniex,CVC/BTC,civic,bitcoin,CVC,BTC
poloniex,REP/ETH,augur,ethereum,REP,ETH
poloniex,BCN/BTC,bytecoin-bcn,bitcoin,BCN,BTC
poloniex,GRIN/USDT,grin,tether,GRIN,USDT
poloniex,LSK/BTC,lisk,bitcoin,LSK,BTC
poloniex,XLM/USDC,stellar,usd-coin,STR,USDC
poloniex,DGB/USDT,digibyte,tether,DGB,USDT
poloniex,NXT/USDT,nxt,tether,NXT,USDT
poloniex,MANA/BTC,decentraland,bitcoin,MANA,BTC
poloniex,NMR/BTC,numeraire,bitcoin,NMR,BTC
poloniex,DOGE/USDC,dogecoin,usd-coin,DOGE,USDC
poloniex,BAT/ETH,basic-attention-token,ethereum,BAT,ETH
poloniex,OMG/BTC,omisego,bitcoin,OMG,BTC
poloniex,GRIN/USDC,grin,usd-coin,GRIN,USDC
poloniex,POLY/BTC,polymath-network,bitcoin,POLY,BTC
poloniex,VIA/BTC,viacoin,bitcoin,VIA,BTC
poloniex,SC/USDT,siacoin,tether,SC,USDT
poloniex,SNT/BTC,status,bitcoin,SNT,BTC
poloniex,XPM/BTC,primecoin,bitcoin,XPM,BTC
poloniex,GAS/BTC,gas,bitcoin,GAS,BTC
poloniex,OMNI/BTC,omni,bitcoin,OMNI,BTC
poloniex,GNT/USDT,golem-network-tokens,tether,GNT,USDT
poloniex,MANA/USDT,decentraland,tether,MANA,USDT
poloniex,LSK/USDT,lisk,tether,LSK,USDT
bittrex,BTC/USD,bitcoin,usd,BTC,USD
bittrex,BTC/USDT,bitcoin,tether,BTC,USDT
bittrex,ETH/BTC,ethereum,bitcoin,ETH,BTC
bittrex,ENJ/BTC,enjin-coin,bitcoin,ENJ,BTC
bittrex,LTC/USD,litecoin,usd,LTC,USD
bittrex,TUSD/BTC,trueusd,bitcoin,TUSD,BTC
bittrex,XRP/BTC,xrp,bitcoin,XRP,BTC
bittrex,RVN/BTC,ravencoin,bitcoin,RVN,BTC
bittrex,VTC/BTC,vertcoin,bitcoin,VTC,BTC
bittrex,ADA/BTC,cardano,bitcoin,ADA,BTC
bittrex,LTC/BTC,litecoin,bitcoin,LTC,BTC
bittrex,ETH/USD,ethereum,usd,ETH,USD
bittrex,BSV/BTC,bitcoin-sv,bitcoin,BSV,BTC
bittrex,BCH/BTC,bitcoin-cash,bitcoin,BCH,BTC
bittrex,ZEC/BTC,zcash,bitcoin,ZEC,BTC
bittrex,USDT/USD,tether,usd,USDT,USD
bittrex,BCH/USD,bitcoin-cash,usd,BCH,USD
bittrex,ETH/USDT,ethereum,tether,ETH,USDT
bittrex,DGB/BTC,digibyte,bitcoin,DGB,BTC
bittrex,XVG/BTC,verge,bitcoin,XVG,BTC
bittrex,CRO/BTC,crypto-com-coin,bitcoin,CRO,BTC
bittrex,XRP/USD,xrp,usd,XRP,USD
bittrex,OCEAN/BTC,ocean-protocol,bitcoin,OCEAN,BTC
bittrex,BAT/BTC,basic-attention-token,bitcoin,BAT,BTC
bittrex,TRX/BTC,tron,bitcoin,TRX,BTC
bittrex,BCH/USDT,bitcoin-cash,tether,BCH,USDT
bittrex,BURST/BTC,burst,bitcoin,BURST,BTC
bittrex,XLM/BTC,stellar,bitcoin,XLM,BTC
bittrex,QNT/BTC,quant,bitcoin,QNT,BTC
bittrex,LTC/USDT,litecoin,tether,LTC,USDT
bittrex,RDD/BTC,reddcoin,bitcoin,RDD,BTC
bittrex,XRP/USDT,xrp,tether,XRP,USDT
bittrex,NEO/BTC,neo,bitcoin,NEO,BTC
bittrex,MRPH/BTC,morpheus-network,bitcoin,MRPH,BTC
bittrex,SIX/BTC,six,bitcoin,SIX,BTC
bittrex,SPND/BTC,spendcoin,bitcoin,SPND,BTC
bittrex,PXL/BTC,pixel,bitcoin,PXL,BTC
bittrex,HEDG/BTC,hedgetrade,bitcoin,HEDG,BTC
bittrex,ADA/USD,cardano,usd,ADA,USD
bittrex,PART/BTC,particl,bitcoin,PART,BTC
bittrex,VET/BTC,vechain,bitcoin,VET,BTC
bittrex,LOOM/BTC,loom-network,bitcoin,LOOM,BTC
bittrex,WAVES/BTC,waves,bitcoin,WAVES,BTC
bittrex,GAME/BTC,gamecredits,bitcoin,GAME,BTC
bittrex,XMR/BTC,monero,bitcoin,XMR,BTC
bittrex,STPT/BTC,stpt,bitcoin,STPT,BTC
bittrex,ETC/BTC,ethereum-classic,bitcoin,ETC,BTC
bittrex,NEO/USDT,neo,tether,NEO,USDT
bittrex,BSV/USD,bitcoin-sv,usd,BSV,USD
bittrex,TRX/USDT,tron,tether,TRX,USDT
bittrex,DASH/BTC,dash,bitcoin,DASH,BTC
bittrex,STRAT/BTC,stratis,bitcoin,STRAT,BTC
bittrex,ETC/USD,ethereum-classic,usd,ETC,USD
bittrex,ZEC/USD,zcash,usd,ZEC,USD
bittrex,FCT/BTC,factom,bitcoin,FCT,BTC
bittrex,DMT/BTC,dmarket,bitcoin,DMT,BTC
bittrex,SC/BTC,siacoin,bitcoin,SC,BTC
bittrex,DOGE/BTC,dogecoin,bitcoin,DOGE,BTC
bittrex,XZC/BTC,zcoin,bitcoin,XZC,BTC
bittrex,HYDRO/BTC,hydrogen,bitcoin,HYDRO,BTC
bittrex,KMD/BTC,komodo,bitcoin,KMD,BTC
bittrex,DUSK/BTC,dusk-network,bitcoin,DUSK,BTC
bittrex,DCR/BTC,decred,bitcoin,DCR,BTC
bittrex,VET/USDT,vechain,tether,VET,USDT
bittrex,HBAR/BTC,hedera-hashgraph,bitcoin,HBAR,BTC
bittrex,STEEM/BTC,steem,bitcoin,STEEM,BTC
bittrex,ZEC/USDT,zcash,tether,ZEC,USDT
bittrex,LAMB/BTC,lambda,bitcoin,LAMB,BTC
bittrex,ZIL/BTC,zilliqa,bitcoin,ZIL,BTC
bittrex,XMR/USDT,monero,tether,XMR,USDT
bittrex,IGNIS/BTC,ignis,bitcoin,IGNIS,BTC
bittrex,EOS/BTC,eos,bitcoin,EOS,BTC
bittrex,ZRX/BTC,0x,bitcoin,ZRX,BTC
bittrex,NEO/ETH,neo,ethereum,NEO,ETH
bittrex,TRX/USD,tron,usd,TRX,USD
bittrex,ATOM/BTC,cosmos,bitcoin,ATOM,BTC
bittrex,ADA/ETH,cardano,ethereum,ADA,ETH
bittrex,REP/BTC,augur,bitcoin,REP,BTC
bittrex,DASH/ETH,dash,ethereum,DASH,ETH
bittrex,WAXP/BTC,wax,bitcoin,WAXP,BTC
bittrex,LSK/BTC,lisk,bitcoin,LSK,BTC
bittrex,UTK/BTC,utrust,bitcoin,UTK,BTC
bittrex,SIB/BTC,sibcoin,bitcoin,SIB,BTC
bittrex,SOLVE/BTC,solve,bitcoin,SOLVE,BTC
bittrex,GRS/BTC,groestlcoin,bitcoin,GRS,BTC
bittrex,XEM/BTC,nem,bitcoin,XEM,BTC
bittrex,ZEN/USD,horizen,usd,ZEN,USD
bittrex,HBAR/USD,hedera-hashgraph,usd,HBAR,USD
bittrex,LTC/ETH,litecoin,ethereum,LTC,ETH
bittrex,ZEN/BTC,horizen,bitcoin,ZEN,BTC
bittrex,MTL/BTC,metal,bitcoin,MTL,BTC
bittrex,LBC/BTC,library-credit,bitcoin,LBC,BTC
bittrex,BLK/BTC,blackcoin,bitcoin,BLK,BTC
bittrex,RLC/BTC,rlc,bitcoin,RLC,BTC
bittrex,DGB/USD,digibyte,usd,DGB,USD
bittrex,XRP/ETH,xrp,ethereum,XRP,ETH
bittrex,ARK/BTC,ark,bitcoin,ARK,BTC
bittrex,BSV/USDT,bitcoin-sv,tether,BSV,USDT
bittrex,NAV/BTC,nav-coin,bitcoin,NAV,BTC
bittrex,ADA/USDT,cardano,tether,ADA,USDT
bittrex,SNT/ETH,status,ethereum,SNT,ETH
bittrex,BAT/USD,basic-attention-token,usd,BAT,USD
bittrex,ETC/USDT,ethereum-classic,tether,ETC,USDT
bittrex,GBYTE/BTC,obyte,bitcoin,GBYTE,BTC
bittrex,MONA/BTC,monacoin,bitcoin,MONA,BTC
bittrex,SNT/BTC,status,bitcoin,SNT,BTC
bittrex,ATOM/ETH,cosmos,ethereum,ATOM,ETH
bittrex,ANT/BTC,aragon,bitcoin,ANT,BTC
bittrex,MAID/BTC,maidsafecoin,bitcoin,MAID,BTC
bittrex,BTT/BTC,bittorrent,bitcoin,BTT,BTC
bittrex,BTU/BTC,btu-protocol,bitcoin,BTU,BTC
bittrex,LBA/BTC,libra-credit,bitcoin,LBA,BTC
bittrex,VIA/BTC,viacoin,bitcoin,VIA,BTC
bittrex,PAX/USD,paxos-standard,usd,PAX,USD
bittrex,PIVX/BTC,pivx,bitcoin,PIVX,BTC
bittrex,XLM/USDT,stellar,tether,XLM,USDT
bittrex,SPC/BTC,spacechain,bitcoin,SPC,BTC
bittrex,RCN/BTC,ripio-credit-network,bitcoin,RCN,BTC
bittrex,DASH/USDT,dash,tether,DASH,USDT
bittrex,GNO/BTC,gnosis-gno,bitcoin,GNO,BTC
bittrex,BSV/ETH,bitcoin-sv,ethereum,BSV,ETH
bittrex,WAVES/ETH,waves,ethereum,WAVES,ETH
bittrex,DOGE/USDT,dogecoin,tether,DOGE,USDT
bittrex,XMR/ETH,monero,ethereum,XMR,ETH
bittrex,TUSD/ETH,trueusd,ethereum,TUSD,ETH
bittrex,GNT/BTC,golem-network-tokens,bitcoin,GNT,BTC
bittrex,1ST/BTC,firstblood,bitcoin,1ST,BTC
bittrex,PLG/BTC,pledge-coin,bitcoin,PLG,BTC
bittrex,STORJ/BTC,storj,bitcoin,STORJ,BTC
bittrex,GRIN/BTC,grin,bitcoin,GRIN,BTC
bittrex,NMR/BTC,numeraire,bitcoin,NMR,BTC
bittrex,BKX/BTC,bankex,bitcoin,BKX,BTC
bittrex,PROM/BTC,prometeus,bitcoin,PROM,BTC
bittrex,LRC/BTC,loopring,bitcoin,LRC,BTC
bittrex,XHV/BTC,haven-protocol,bitcoin,XHV,BTC
bittrex,ZEC/ETH,zcash,ethereum,ZEC,ETH
bittrex,RVN/USDT,ravencoin,tether,RVN,USDT
bittrex,ARDR/BTC,ardor,bitcoin,ARDR,BTC
bittrex,HBAR/USDT,hedera-hashgraph,tether,HBAR,USDT
bittrex,BCH/ETH,bitcoin-cash,ethereum,BCH,ETH
bittrex,MCO/BTC,crypto-com,bitcoin,MCO,BTC
bittrex,QTUM/BTC,qtum,bitcoin,QTUM,BTC
bittrex,BAT/ETH,basic-attention-token,ethereum,BAT,ETH
bittrex,PAX/BTC,paxos-standard,bitcoin,PAX,BTC
bittrex,SC/ETH,siacoin,ethereum,SC,ETH
bittrex,XLM/ETH,stellar,ethereum,XLM,ETH
bittrex,NLC2/BTC,nolimitcoin,bitcoin,NLC2,BTC
bittrex,EXP/BTC,expanse,bitcoin,EXP,BTC
bittrex,ATOM/USDT,cosmos,tether,ATOM,USDT
bittrex,EMC2/BTC,einsteinium,bitcoin,EMC2,BTC
bittrex,OCEAN/USDT,ocean-protocol,tether,OCEAN,USDT
bittrex,SYS/BTC,syscoin,bitcoin,SYS,BTC
bittrex,DGB/USDT,digibyte,tether,DGB,USDT
bittrex,ORBS/BTC,orbs,bitcoin,ORBS,BTC
bittrex,DGB/ETH,digibyte,ethereum,DGB,ETH
bittrex,ENG/BTC,enigma,bitcoin,ENG,BTC
bittrex,UPP/BTC,sentinel-protocol,bitcoin,UPP,BTC
bittrex,MANA/BTC,decentraland,bitcoin,MANA,BTC
bittrex,OMG/BTC,omisego,bitcoin,OMG,BTC
bittrex,NXS/BTC,nexus,bitcoin,NXS,BTC
bittrex,TRX/ETH,tron,ethereum,TRX,ETH
bittrex,SRN/BTC,sirin-labs-token,bitcoin,SRN,BTC
bittrex,GO/BTC,gochain,bitcoin,GO,BTC
bittrex,CVC/BTC,civic,bitcoin,CVC,BTC
bittrex,VITE/BTC,vite,bitcoin,VITE,BTC
bittrex,ADX/BTC,adx-net,bitcoin,ADX,BTC
bittrex,OK/BTC,okcash,bitcoin,OK,BTC
bittrex,VBK/BTC,veriblock,bitcoin,VBK,BTC
bittrex,ONT/BTC,ontology,bitcoin,ONT,BTC
bittrex,DCR/USDT,decred,tether,DCR,USDT
bittrex,ADT/BTC,adtoken,bitcoin,ADT,BTC
bittrex,XVG/USDT,verge,tether,XVG,USDT
bittrex,VEE/BTC,blockv,bitcoin,VEE,BTC
bittrex,HBAR/ETH,hedera-hashgraph,ethereum,HBAR,ETH
bittrex,FTC/BTC,feathercoin,bitcoin,FTC,BTC
bittrex,NXT/BTC,nxt,bitcoin,NXT,BTC
bittrex,QRL/BTC,quantum-resistant-ledger,bitcoin,QRL,BTC
bittrex,AEON/BTC,aeon,bitcoin,AEON,BTC
bittrex,NKN/BTC,nkn,bitcoin,NKN,BTC
bittrex,GNO/ETH,gnosis-gno,ethereum,GNO,ETH
bittrex,DNT/BTC,district0x,bitcoin,DNT,BTC
bittrex,FXC/BTC,flexacoin,bitcoin,FXC,BTC
bittrex,IOTX/BTC,iotex,bitcoin,IOTX,BTC
bittrex,CRW/BTC,crown,bitcoin,CRW,BTC
bittrex,TUBE/BTC,bit-tube,bitcoin,TUBE,BTC
bittrex,GTO/BTC,gifto,bitcoin,GTO,BTC
bittrex,UBQ/BTC,ubiq,bitcoin,UBQ,BTC
bittrex,FX/BTC,function-x,bitcoin,FX,BTC
bittrex,CURE/BTC,curecoin,bitcoin,CURE,BTC
bittrex,MFT/BTC,mainframe,bitcoin,MFT,BTC
bittrex,DENT/BTC,dent,bitcoin,DENT,BTC
bittrex,PMA/BTC,pumapay,bitcoin,PMA,BTC
bittrex,VIB/BTC,viberate,bitcoin,VIB,BTC
bittrex,BAT/USDT,basic-attention-token,tether,BAT,USDT
bittrex,BTS/BTC,bitshares,bitcoin,BTS,BTC
bittrex,OMG/USDT,omisego,tether,OMG,USDT
bittrex,PINK/BTC,pinkcoin,bitcoin,PINK,BTC
bittrex,NPXS/BTC,pundi-x,bitcoin,NPXS,BTC
bittrex,SC/USDT,siacoin,tether,SC,USDT
bittrex,XST/BTC,stealth,bitcoin,XST,BTC
bittrex,FLO/BTC,flo,bitcoin,FLO,BTC
bittrex,MANA/ETH,decentraland,ethereum,MANA,ETH
bittrex,TUSD/USDT,trueusd,tether,TUSD,USDT
bittrex,NLG/BTC,gulden,bitcoin,NLG,BTC
bittrex,DCT/BTC,decent,bitcoin,DCT,BTC
bittrex,BLOCK/BTC,blocknet,bitcoin,BLOCK,BTC
bittrex,DMT/ETH,dmarket,ethereum,DMT,ETH
bittrex,SOLVE/ETH,solve,ethereum,SOLVE,ETH
bittrex,EDG/BTC,edgeless,bitcoin,EDG,BTC
bittrex,CHR/BTC,chromia,bitcoin,CHR,BTC
bittrex,PAY/BTC,tenx,bitcoin,PAY,BTC
bittrex,MORE/BTC,more-coin,bitcoin,MORE,BTC
bittrex,OMG/ETH,omisego,ethereum,OMG,ETH
bittrex,DAI/USDT,multi-collateral-dai,tether,DAI,USDT
bittrex,REP/ETH,augur,ethereum,REP,ETH
bittrex,DCR/USD,decred,usd,DCR,USD
bittrex,RADS/BTC,radium,bitcoin,RADS,BTC
bittrex,DAI/BTC,multi-collateral-dai,bitcoin,DAI,BTC
bittrex,XDN/BTC,digitalnote,bitcoin,XDN,BTC
bittrex,NPXS/ETH,pundi-x,ethereum,NPXS,ETH
bittrex,ZRX/USD,0x,usd,ZRX,USD
bittrex,PPC/BTC,peercoin,bitcoin,PPC,BTC
bittrex,WAXP/ETH,wax,ethereum,WAXP,ETH
bittrex,TUSD/USD,trueusd,usd,TUSD,USD
bittrex,ENJ/USDT,enjin-coin,tether,ENJ,USDT
bittrex,USDS/BTC,stableusd,bitcoin,USDS,BTC
bittrex,ETC/ETH,ethereum-classic,ethereum,ETC,ETH
bittrex,ANKR/BTC,ankr,bitcoin,ANKR,BTC
bittrex,STORM/BTC,storm,bitcoin,STORM,BTC
bittrex,TTC/BTC,ttc,bitcoin,TTC,BTC
bittrex,INCNT/BTC,incent,bitcoin,INCNT,BTC
bittrex,VRC/BTC,vericoin,bitcoin,VRC,BTC
bittrex,IOST/BTC,iostoken,bitcoin,IOST,BTC
bittrex,SC/USD,siacoin,usd,SC,USD
bittrex,XMY/BTC,myriad,bitcoin,XMY,BTC
bittrex,ANT/ETH,aragon,ethereum,ANT,ETH
bittrex,TUDA/BTC,tutors-diary,bitcoin,TUDA,BTC
bittrex,PTOY/BTC,patientory,bitcoin,PTOY,BTC
bittrex,MEME/BTC,memetic,bitcoin,MEME,BTC
bittrex,SBD/BTC,steem-dollars,bitcoin,SBD,BTC
bittrex,UKG/BTC,unikoin-gold,bitcoin,UKG,BTC
bittrex,SLS/BTC,salus,bitcoin,SLS,BTC
bittrex,ENG/ETH,enigma,ethereum,ENG,ETH
bittrex,BTM/BTC,bytom,bitcoin,BTM,BTC
bittrex,BNT/BTC,bancor,bitcoin,BNT,BTC
bittrex,VDX/BTC,vodi-x,bitcoin,VDX,BTC
bittrex,EOS/ETH,eos,ethereum,EOS,ETH
bittrex,MUE/BTC,monetaryunit,bitcoin,MUE,BTC
bittrex,URAC/BTC,uranus,bitcoin,URAC,BTC
bittrex,PAL/BTC,pal-network,bitcoin,PAL,BTC
bittrex,EOS/USDT,eos,tether,EOS,USDT
bittrex,RFR/BTC,refereum,bitcoin,RFR,BTC
bittrex,MER/BTC,mercury,bitcoin,MER,BTC
bittrex,MED/BTC,medibloc,bitcoin,MED,BTC
bittrex,CVC/ETH,civic,ethereum,CVC,ETH
bittrex,GNT/ETH,golem-network-tokens,ethereum,GNT,ETH
bittrex,ART/BTC,maecenas,bitcoin,ART,BTC
bittrex,CND/BTC,cindicator,bitcoin,CND,BTC
bittrex,TSHP/BTC,12ships,bitcoin,TSHP,BTC
bittrex,IOC/BTC,iocoin,bitcoin,IOC,BTC
bittrex,EDR/BTC,endor-protocol,bitcoin,EDR,BTC
bittrex,XEM/ETH,nem,ethereum,XEM,ETH
bittrex,GRIN/USDT,grin,tether,GRIN,USDT
bittrex,LUNA/BTC,luna,bitcoin,LUNA,BTC
bittrex,JNT/BTC,jibrel-network,bitcoin,JNT,BTC
bittrex,STRAT/ETH,stratis,ethereum,STRAT,ETH
bittrex,XEL/BTC,xel,bitcoin,XEL,BTC
bittrex,EXCL/BTC,exclusivecoin,bitcoin,EXCL,BTC
bittrex,TEMCO/BTC,temco,bitcoin,TEMCO,BTC
bittrex,MCO/ETH,crypto-com,ethereum,MCO,ETH
bittrex,BTT/USDT,bittorrent,tether,BTT,USDT
bittrex,SPHR/BTC,sphere,bitcoin,SPHR,BTC
bittrex,QTUM/ETH,qtum,ethereum,QTUM,ETH
bittrex,KMD/USD,komodo,usd,KMD,USD
bittrex,HXRO/BTC,hxro,bitcoin,HXRO,BTC
bittrex,DRGN/BTC,dragonchain,bitcoin,DRGN,BTC
bittrex,ZRX/USDT,0x,tether,ZRX,USDT
bittrex,GEO/BTC,geocoin,bitcoin,GEO,BTC
bittrex,BFT/BTC,bnktothefuture,bitcoin,BFT,BTC
bittrex,ELF/BTC,aelf,bitcoin,ELF,BTC
bittrex,IHT/BTC,iht-real-estate-protocol,bitcoin,IHT,BTC
bittrex,PMA/USDT,pumapay,tether,PMA,USDT
bittrex,BLOC/BTC,blockcloud,bitcoin,BLOC,BTC
bittrex,ZRX/ETH,0x,ethereum,ZRX,ETH
bittrex,AKRO/BTC,akropolis,bitcoin,AKRO,BTC
bittrex,HMQ/BTC,humaniq,bitcoin,HMQ,BTC
bittrex,BORA/BTC,bora,bitcoin,BORA,BTC
bittrex,VIB/ETH,viberate,ethereum,VIB,ETH
bittrex,CTXC/BTC,cortex,bitcoin,CTXC,BTC
bittrex,DAI/ETH,multi-collateral-dai,ethereum,DAI,ETH
bittrex,META/BTC,metadium,bitcoin,META,BTC
bittrex,ADX/ETH,adx-net,ethereum,ADX,ETH
bittrex,OST/BTC,ost,bitcoin,OST,BTC
bittrex,ONG/BTC,ontology-gas,bitcoin,ONG,BTC
bittrex,MET/BTC,metronome,bitcoin,MET,BTC
bittrex,DTA/BTC,data,bitcoin,DTA,BTC
bittrex,UKG/ETH,unikoin-gold,ethereum,UKG,ETH
bittrex,CMCT/BTC,crowd-machine,bitcoin,CMCT,BTC
bittrex,FNB/BTC,fnb-protocol,bitcoin,FNB,BTC
bittrex,PAY/ETH,tenx,ethereum,PAY,ETH
bittrex,FLETA/BTC,fleta,bitcoin,FLETA,BTC
bittrex,POT/BTC,potcoin,bitcoin,POT,BTC
bittrex,PLA/BTC,playchip,bitcoin,PLA,BTC
bittrex,BWX/BTC,blue-whale-exchange,bitcoin,BWX,BTC
bittrex,STORM/ETH,storm,ethereum,STORM,ETH
bittrex,FX/ETH,function-x,ethereum,FX,ETH
bittrex,PI/BTC,pchain,bitcoin,PI,BTC
bittrex,SRN/ETH,sirin-labs-token,ethereum,SRN,ETH
bittrex,WGP/BTC,w-green-pay,bitcoin,WGP,BTC
bittrex,ABYSS/BTC,abyss-token,bitcoin,ABYSS,BTC
bittrex,COSM/BTC,cosmo-coin,bitcoin,COSM,BTC
bittrex,TRAC/BTC,origintrail,bitcoin,TRAC,BTC
bittrex,VDX/ETH,vodi-x,ethereum,VDX,ETH
bittrex,NPXS/USDT,pundi-x,tether,NPXS,USDT
bittrex,SAI/USDT,single-collateral-dai,tether,SAI,USDT
bittrex,SAI/ETH,single-collateral-dai,ethereum,SAI,ETH
bittrex,SAI/BTC,single-collateral-dai,bitcoin,SAI,BTC
bittrex,ONT/USDT,ontology,tether,ONT,USDT
bittrex,VDX/USDT,vodi-x,tether,VDX,USDT
